handle,table,id,external_id
small/AccessPolicy/ap-s01,AccessPolicy,co-tam2ciyi45,
small/AccessPolicy/ap-s02,AccessPolicy,co-yly4xno8c0,
small/ActivityDefinition/s01-blood,ActivityDefinition,ad-scd0u18qye,https://example.org/cam-testdata/small/ActivityDefinition/s01-blood
small/ActivityDefinition/s01-clinical,ActivityDefinition,ad-rnprvso173,https://example.org/cam-testdata/small/ActivityDefinition/s01-clinical
small/ActivityDefinition/s01-wgs,ActivityDefinition,ad-9xi4otnkl6,https://example.org/cam-testdata/small/ActivityDefinition/s01-wgs
small/ActivityDefinition/s02-blood,ActivityDefinition,ad-azluglneak,https://example.org/cam-testdata/small/ActivityDefinition/s02-blood
small/ActivityDefinition/s02-clinical,ActivityDefinition,ad-it89pg9x4j,https://example.org/cam-testdata/small/ActivityDefinition/s02-clinical
small/ActivityDefinition/s02-wgs,ActivityDefinition,ad-4b1di32cvz,https://example.org/cam-testdata/small/ActivityDefinition/s02-wgs
small/Aliquot/s01-f0002-mother-blood-a1,Aliquot,alq-5aksfh520m,https://example.org/cam-testdata/small/Aliquot/s01-f0002-mother-blood-a1
small/Aliquot/s01-f0002-mother-dna-a1,Aliquot,alq-csde1c1rba,https://example.org/cam-testdata/small/Aliquot/s01-f0002-mother-dna-a1
small/Aliquot/s01-f0002-proband-blood-a1,Aliquot,alq-wtsdrbtu27,https://example.org/cam-testdata/small/Aliquot/s01-f0002-proband-blood-a1
small/Aliquot/s01-f0002-proband-blood-a2,Aliquot,alq-ee86mv5s1t,https://example.org/cam-testdata/small/Aliquot/s01-f0002-proband-blood-a2
small/Aliquot/s01-f0002-proband-dna-a1,Aliquot,alq-6e15rf2ieb,https://example.org/cam-testdata/small/Aliquot/s01-f0002-proband-dna-a1
small/Aliquot/s01-f0002-proband-dna-a2,Aliquot,alq-y6hqmjvafq,https://example.org/cam-testdata/small/Aliquot/s01-f0002-proband-dna-a2
small/Aliquot/s01-f0003-proband-blood-a1,Aliquot,alq-wq4nrrmnpd,https://example.org/cam-testdata/small/Aliquot/s01-f0003-proband-blood-a1
small/Aliquot/s01-f0003-proband-dna-a1,Aliquot,alq-3rrahxyjz4,https://example.org/cam-testdata/small/Aliquot/s01-f0003-proband-dna-a1
small/Aliquot/s01-f0003-proband-dna-a2,Aliquot,alq-48z5i88lm8,https://example.org/cam-testdata/small/Aliquot/s01-f0003-proband-dna-a2
small/Aliquot/s01-f0003-proband-dna-a3,Aliquot,alq-7hqcr45z83,https://example.org/cam-testdata/small/Aliquot/s01-f0003-proband-dna-a3
small/Aliquot/s01-f0004-father-blood-a1,Aliquot,alq-8ry2fl26z9,https://example.org/cam-testdata/small/Aliquot/s01-f0004-father-blood-a1
small/Aliquot/s01-f0004-proband-blood-a1,Aliquot,alq-ug4ys71w65,https://example.org/cam-testdata/small/Aliquot/s01-f0004-proband-blood-a1
small/Aliquot/s01-f0004-proband-dna-a1,Aliquot,alq-3o7ca8raq9,https://example.org/cam-testdata/small/Aliquot/s01-f0004-proband-dna-a1
small/Aliquot/s01-f0004-proband-dna-a2,Aliquot,alq-yq50qpmmwx,https://example.org/cam-testdata/small/Aliquot/s01-f0004-proband-dna-a2
small/Aliquot/s01-f0006-father-blood-a1,Aliquot,alq-pqrghpnqej,https://example.org/cam-testdata/small/Aliquot/s01-f0006-father-blood-a1
small/Aliquot/s01-f0006-father-dna-a1,Aliquot,alq-9puo6belsz,https://example.org/cam-testdata/small/Aliquot/s01-f0006-father-dna-a1
small/Aliquot/s01-f0006-proband-blood-a1,Aliquot,alq-juco6gnq33,https://example.org/cam-testdata/small/Aliquot/s01-f0006-proband-blood-a1
small/Aliquot/s01-f0008-proband-blood-a1,Aliquot,alq-iyac1w9chu,https://example.org/cam-testdata/small/Aliquot/s01-f0008-proband-blood-a1
small/Aliquot/s01-f0008-proband-blood-a2,Aliquot,alq-4ka871rsb3,https://example.org/cam-testdata/small/Aliquot/s01-f0008-proband-blood-a2
small/Aliquot/s01-f0008-proband-blood-a3,Aliquot,alq-luol49lz1y,https://example.org/cam-testdata/small/Aliquot/s01-f0008-proband-blood-a3
small/Aliquot/s01-f0008-proband-dna-a1,Aliquot,alq-0viwbof506,https://example.org/cam-testdata/small/Aliquot/s01-f0008-proband-dna-a1
small/Aliquot/s01-f0009-proband-blood-a1,Aliquot,alq-ond1ck4zr4,https://example.org/cam-testdata/small/Aliquot/s01-f0009-proband-blood-a1
small/Aliquot/s01-f0009-proband-blood-a2,Aliquot,alq-8ybofpdgen,https://example.org/cam-testdata/small/Aliquot/s01-f0009-proband-blood-a2
small/Aliquot/s01-f0009-proband-dna-a1,Aliquot,alq-q2geubhg7u,https://example.org/cam-testdata/small/Aliquot/s01-f0009-proband-dna-a1
small/Aliquot/s01-f0010-mother-blood-a1,Aliquot,alq-1v4p1q2610,https://example.org/cam-testdata/small/Aliquot/s01-f0010-mother-blood-a1
small/Aliquot/s01-f0010-mother-blood-a2,Aliquot,alq-sozfhus5kf,https://example.org/cam-testdata/small/Aliquot/s01-f0010-mother-blood-a2
small/Aliquot/s01-f0011-father-blood-a1,Aliquot,alq-6mmjmii4ho,https://example.org/cam-testdata/small/Aliquot/s01-f0011-father-blood-a1
small/Aliquot/s01-f0011-father-dna-a1,Aliquot,alq-iowiiy9xyr,https://example.org/cam-testdata/small/Aliquot/s01-f0011-father-dna-a1
small/Aliquot/s01-f0011-mother-blood-a1,Aliquot,alq-oexq8qttsc,https://example.org/cam-testdata/small/Aliquot/s01-f0011-mother-blood-a1
small/Aliquot/s01-f0011-mother-blood-a2,Aliquot,alq-i6k3kz2iak,https://example.org/cam-testdata/small/Aliquot/s01-f0011-mother-blood-a2
small/Aliquot/s01-f0011-mother-dna-a1,Aliquot,alq-xs9kbtawn7,https://example.org/cam-testdata/small/Aliquot/s01-f0011-mother-dna-a1
small/Aliquot/s01-f0011-mother-dna-a2,Aliquot,alq-4ts63cwefo,https://example.org/cam-testdata/small/Aliquot/s01-f0011-mother-dna-a2
small/Aliquot/s01-f0011-proband-blood-a1,Aliquot,alq-egx5qy4h9p,https://example.org/cam-testdata/small/Aliquot/s01-f0011-proband-blood-a1
small/Aliquot/s01-f0011-proband-dna-a1,Aliquot,alq-qsqrck1rcp,https://example.org/cam-testdata/small/Aliquot/s01-f0011-proband-dna-a1
small/Aliquot/s01-f0011-proband-dna-a2,Aliquot,alq-p6c15wqedq,https://example.org/cam-testdata/small/Aliquot/s01-f0011-proband-dna-a2
small/Aliquot/s01-f0012-proband-blood-a1,Aliquot,alq-fwrgs4wu8d,https://example.org/cam-testdata/small/Aliquot/s01-f0012-proband-blood-a1
small/Aliquot/s01-f0012-proband-blood-a2,Aliquot,alq-ka6plzqqjy,https://example.org/cam-testdata/small/Aliquot/s01-f0012-proband-blood-a2
small/Aliquot/s01-f0012-proband-dna-a1,Aliquot,alq-yegrxjetsk,https://example.org/cam-testdata/small/Aliquot/s01-f0012-proband-dna-a1
small/Aliquot/s01-f0012-proband-dna-a2,Aliquot,alq-lcygmslqol,https://example.org/cam-testdata/small/Aliquot/s01-f0012-proband-dna-a2
small/Aliquot/s01-f0012-proband-dna-a3,Aliquot,alq-mnehcxtvrh,https://example.org/cam-testdata/small/Aliquot/s01-f0012-proband-dna-a3
small/Aliquot/s02-f0001-proband-blood-a1,Aliquot,alq-5t3k3oo1sw,https://example.org/cam-testdata/small/Aliquot/s02-f0001-proband-blood-a1
small/Aliquot/s02-f0001-proband-blood-a2,Aliquot,alq-dob0skdoec,https://example.org/cam-testdata/small/Aliquot/s02-f0001-proband-blood-a2
small/Aliquot/s02-f0001-proband-dna-a1,Aliquot,alq-16ss9qo29h,https://example.org/cam-testdata/small/Aliquot/s02-f0001-proband-dna-a1
small/Aliquot/s02-f0002-father-blood-a1,Aliquot,alq-hn7dsco6xr,https://example.org/cam-testdata/small/Aliquot/s02-f0002-father-blood-a1
small/Aliquot/s02-f0002-father-dna-a1,Aliquot,alq-uv1ynqpbai,https://example.org/cam-testdata/small/Aliquot/s02-f0002-father-dna-a1
small/Aliquot/s02-f0002-father-dna-a2,Aliquot,alq-6tvyfdwcl7,https://example.org/cam-testdata/small/Aliquot/s02-f0002-father-dna-a2
small/Aliquot/s02-f0002-mother-blood-a1,Aliquot,alq-j8x2f2ygci,https://example.org/cam-testdata/small/Aliquot/s02-f0002-mother-blood-a1
small/Aliquot/s02-f0002-mother-blood-a2,Aliquot,alq-7juoebkay0,https://example.org/cam-testdata/small/Aliquot/s02-f0002-mother-blood-a2
small/Aliquot/s02-f0002-mother-dna-a1,Aliquot,alq-3rbmj3ugmz,https://example.org/cam-testdata/small/Aliquot/s02-f0002-mother-dna-a1
small/Aliquot/s02-f0002-proband-blood-a1,Aliquot,alq-vacfuvfvkn,https://example.org/cam-testdata/small/Aliquot/s02-f0002-proband-blood-a1
small/Aliquot/s02-f0002-proband-dna-a1,Aliquot,alq-ukrk0ov3t0,https://example.org/cam-testdata/small/Aliquot/s02-f0002-proband-dna-a1
small/Aliquot/s02-f0002-proband-dna-a2,Aliquot,alq-3pyyvmsble,https://example.org/cam-testdata/small/Aliquot/s02-f0002-proband-dna-a2
small/Aliquot/s02-f0003-father-blood-a1,Aliquot,alq-lm0gv02h5s,https://example.org/cam-testdata/small/Aliquot/s02-f0003-father-blood-a1
small/Aliquot/s02-f0003-father-dna-a1,Aliquot,alq-22f1jtgs35,https://example.org/cam-testdata/small/Aliquot/s02-f0003-father-dna-a1
small/Aliquot/s02-f0003-mother-blood-a1,Aliquot,alq-7i70mzj7g9,https://example.org/cam-testdata/small/Aliquot/s02-f0003-mother-blood-a1
small/Aliquot/s02-f0003-mother-blood-a2,Aliquot,alq-j3fqerx577,https://example.org/cam-testdata/small/Aliquot/s02-f0003-mother-blood-a2
small/Aliquot/s02-f0003-mother-dna-a1,Aliquot,alq-zcp4avhohv,https://example.org/cam-testdata/small/Aliquot/s02-f0003-mother-dna-a1
small/Aliquot/s02-f0003-proband-blood-a1,Aliquot,alq-c6s7xuve79,https://example.org/cam-testdata/small/Aliquot/s02-f0003-proband-blood-a1
small/Aliquot/s02-f0003-proband-blood-a2,Aliquot,alq-arpe53aayw,https://example.org/cam-testdata/small/Aliquot/s02-f0003-proband-blood-a2
small/Aliquot/s02-f0003-proband-dna-a1,Aliquot,alq-ckgbuhekax,https://example.org/cam-testdata/small/Aliquot/s02-f0003-proband-dna-a1
small/Aliquot/s02-f0004-father-blood-a1,Aliquot,alq-9eq4zqc3mf,https://example.org/cam-testdata/small/Aliquot/s02-f0004-father-blood-a1
small/Aliquot/s02-f0004-father-blood-a2,Aliquot,alq-ayj7gr8rp3,https://example.org/cam-testdata/small/Aliquot/s02-f0004-father-blood-a2
small/Aliquot/s02-f0004-father-dna-a1,Aliquot,alq-k7506enf1m,https://example.org/cam-testdata/small/Aliquot/s02-f0004-father-dna-a1
small/Aliquot/s02-f0004-father-dna-a2,Aliquot,alq-p2c9rb37ns,https://example.org/cam-testdata/small/Aliquot/s02-f0004-father-dna-a2
small/Aliquot/s02-f0004-proband-blood-a1,Aliquot,alq-detgv1pb6p,https://example.org/cam-testdata/small/Aliquot/s02-f0004-proband-blood-a1
small/Aliquot/s02-f0004-proband-blood-a2,Aliquot,alq-4vlwadvloh,https://example.org/cam-testdata/small/Aliquot/s02-f0004-proband-blood-a2
small/Aliquot/s02-f0004-proband-dna-a1,Aliquot,alq-u5g50hnjly,https://example.org/cam-testdata/small/Aliquot/s02-f0004-proband-dna-a1
small/Aliquot/s02-f0004-proband-dna-a2,Aliquot,alq-lq6vx9d429,https://example.org/cam-testdata/small/Aliquot/s02-f0004-proband-dna-a2
small/Aliquot/s02-f0005-proband-blood-a1,Aliquot,alq-4m39ggckfz,https://example.org/cam-testdata/small/Aliquot/s02-f0005-proband-blood-a1
small/Aliquot/s02-f0005-proband-dna-a1,Aliquot,alq-sy5uejza11,https://example.org/cam-testdata/small/Aliquot/s02-f0005-proband-dna-a1
small/Aliquot/s02-f0006-proband-blood-a1,Aliquot,alq-991tvgauiw,https://example.org/cam-testdata/small/Aliquot/s02-f0006-proband-blood-a1
small/Aliquot/s02-f0006-proband-blood-a2,Aliquot,alq-4s96krmxka,https://example.org/cam-testdata/small/Aliquot/s02-f0006-proband-blood-a2
small/Aliquot/s02-f0006-proband-dna-a1,Aliquot,alq-fdcq5iaip7,https://example.org/cam-testdata/small/Aliquot/s02-f0006-proband-dna-a1
small/Aliquot/s02-f0006-proband-dna-a2,Aliquot,alq-s87pmz6f5l,https://example.org/cam-testdata/small/Aliquot/s02-f0006-proband-dna-a2
small/Aliquot/s02-f0008-proband-blood-a1,Aliquot,alq-2gjrrrb8tb,https://example.org/cam-testdata/small/Aliquot/s02-f0008-proband-blood-a1
small/Aliquot/s02-f0008-proband-dna-a1,Aliquot,alq-keq75yq67k,https://example.org/cam-testdata/small/Aliquot/s02-f0008-proband-dna-a1
small/Aliquot/s02-f0008-proband-dna-a2,Aliquot,alq-cch6bose9l,https://example.org/cam-testdata/small/Aliquot/s02-f0008-proband-dna-a2
small/Aliquot/s02-f0009-father-blood-a1,Aliquot,alq-6p6orj1hj6,https://example.org/cam-testdata/small/Aliquot/s02-f0009-father-blood-a1
small/Aliquot/s02-f0009-father-dna-a1,Aliquot,alq-iv3y9bs92j,https://example.org/cam-testdata/small/Aliquot/s02-f0009-father-dna-a1
small/Aliquot/s02-f0010-proband-blood-a1,Aliquot,alq-7w2rt8vhz1,https://example.org/cam-testdata/small/Aliquot/s02-f0010-proband-blood-a1
small/Aliquot/s02-f0010-proband-blood-a2,Aliquot,alq-8gqqmbk8hp,https://example.org/cam-testdata/small/Aliquot/s02-f0010-proband-blood-a2
small/Aliquot/s02-f0010-proband-dna-a1,Aliquot,alq-7i1b5lo0on,https://example.org/cam-testdata/small/Aliquot/s02-f0010-proband-dna-a1
small/Aliquot/s02-f0011-father-blood-a1,Aliquot,alq-73pcfoqtv2,https://example.org/cam-testdata/small/Aliquot/s02-f0011-father-blood-a1
small/Aliquot/s02-f0011-father-dna-a1,Aliquot,alq-0ngmouuyp2,https://example.org/cam-testdata/small/Aliquot/s02-f0011-father-dna-a1
small/Aliquot/s02-f0011-father-dna-a2,Aliquot,alq-aadaga8h97,https://example.org/cam-testdata/small/Aliquot/s02-f0011-father-dna-a2
small/Aliquot/s02-f0011-proband-blood-a1,Aliquot,alq-9uzqtyrsvu,https://example.org/cam-testdata/small/Aliquot/s02-f0011-proband-blood-a1
small/Aliquot/s02-f0011-proband-blood-a2,Aliquot,alq-54m59kizhx,https://example.org/cam-testdata/small/Aliquot/s02-f0011-proband-blood-a2
small/Aliquot/s02-f0011-proband-dna-a1,Aliquot,alq-qvunau8fl1,https://example.org/cam-testdata/small/Aliquot/s02-f0011-proband-dna-a1
small/Aliquot/s02-f0012-father-blood-a1,Aliquot,alq-mcafjfurzc,https://example.org/cam-testdata/small/Aliquot/s02-f0012-father-blood-a1
small/Aliquot/s02-f0012-father-dna-a1,Aliquot,alq-bd6xzcdx4r,https://example.org/cam-testdata/small/Aliquot/s02-f0012-father-dna-a1
small/Aliquot/s02-f0012-mother-blood-a1,Aliquot,alq-orb283bdkq,https://example.org/cam-testdata/small/Aliquot/s02-f0012-mother-blood-a1
small/Aliquot/s02-f0012-mother-dna-a1,Aliquot,alq-kbabfoc0a9,https://example.org/cam-testdata/small/Aliquot/s02-f0012-mother-dna-a1
small/Aliquot/s02-f0012-mother-dna-a2,Aliquot,alq-uw6xb9ube5,https://example.org/cam-testdata/small/Aliquot/s02-f0012-mother-dna-a2
small/Aliquot/s02-f0012-mother-dna-a3,Aliquot,alq-o82q4cwrsj,https://example.org/cam-testdata/small/Aliquot/s02-f0012-mother-dna-a3
small/Aliquot/s02-f0012-proband-blood-a1,Aliquot,alq-hc3ioefb7x,https://example.org/cam-testdata/small/Aliquot/s02-f0012-proband-blood-a1
small/Aliquot/s02-f0012-proband-dna-a1,Aliquot,alq-jno52fis77,https://example.org/cam-testdata/small/Aliquot/s02-f0012-proband-dna-a1
small/Aliquot/s02-f0012-proband-dna-a2,Aliquot,alq-q3vhbt21vn,https://example.org/cam-testdata/small/Aliquot/s02-f0012-proband-dna-a2
small/Assay/s01-f0002-mother-wgs,Assay,di-45r2fzatnx,https://example.org/cam-testdata/small/Assay/s01-f0002-mother-wgs
small/Assay/s01-f0002-proband-wgs,Assay,di-3dn314uc1d,https://example.org/cam-testdata/small/Assay/s01-f0002-proband-wgs
small/Assay/s01-f0003-proband-wgs,Assay,di-st5xpa2b5u,https://example.org/cam-testdata/small/Assay/s01-f0003-proband-wgs
small/Assay/s01-f0004-proband-wgs,Assay,di-mlikcevyh5,https://example.org/cam-testdata/small/Assay/s01-f0004-proband-wgs
small/Assay/s01-f0006-father-wgs,Assay,di-018qhpluzl,https://example.org/cam-testdata/small/Assay/s01-f0006-father-wgs
small/Assay/s01-f0011-proband-wgs,Assay,di-7qkin056xq,https://example.org/cam-testdata/small/Assay/s01-f0011-proband-wgs
small/Assay/s01-f0012-proband-wgs,Assay,di-nnl2zbna2g,https://example.org/cam-testdata/small/Assay/s01-f0012-proband-wgs
small/Assay/s02-f0001-proband-wgs,Assay,di-b3mk7stiyy,https://example.org/cam-testdata/small/Assay/s02-f0001-proband-wgs
small/Assay/s02-f0002-father-wgs,Assay,di-y4hf8r7mk6,https://example.org/cam-testdata/small/Assay/s02-f0002-father-wgs
small/Assay/s02-f0002-mother-wgs,Assay,di-jghb877uoy,https://example.org/cam-testdata/small/Assay/s02-f0002-mother-wgs
small/Assay/s02-f0002-proband-wgs,Assay,di-xo5iwut0hd,https://example.org/cam-testdata/small/Assay/s02-f0002-proband-wgs
small/Assay/s02-f0003-father-wgs,Assay,di-jlzmfkyal6,https://example.org/cam-testdata/small/Assay/s02-f0003-father-wgs
small/Assay/s02-f0003-proband-wgs,Assay,di-ydpzk6dspm,https://example.org/cam-testdata/small/Assay/s02-f0003-proband-wgs
small/Assay/s02-f0004-father-wgs,Assay,di-ovs1r8dvcj,https://example.org/cam-testdata/small/Assay/s02-f0004-father-wgs
small/Assay/s02-f0004-proband-wgs,Assay,di-1jo2sftayh,https://example.org/cam-testdata/small/Assay/s02-f0004-proband-wgs
small/Assay/s02-f0005-proband-wgs,Assay,di-7hdgeh8rot,https://example.org/cam-testdata/small/Assay/s02-f0005-proband-wgs
small/Assay/s02-f0006-proband-wgs,Assay,di-0n7dsy0tyc,https://example.org/cam-testdata/small/Assay/s02-f0006-proband-wgs
small/Assay/s02-f0008-proband-wgs,Assay,di-ku2rnndv9w,https://example.org/cam-testdata/small/Assay/s02-f0008-proband-wgs
small/Assay/s02-f0009-father-wgs,Assay,di-zlhxt3hvlm,https://example.org/cam-testdata/small/Assay/s02-f0009-father-wgs
small/Assay/s02-f0010-proband-wgs,Assay,di-h0on72u78a,https://example.org/cam-testdata/small/Assay/s02-f0010-proband-wgs
small/Assay/s02-f0011-father-wgs,Assay,di-m1rh7xcrkk,https://example.org/cam-testdata/small/Assay/s02-f0011-father-wgs
small/Assay/s02-f0012-father-wgs,Assay,di-czd318r37n,https://example.org/cam-testdata/small/Assay/s02-f0012-father-wgs
small/Assay/s02-f0012-mother-wgs,Assay,di-h9yo7zy94v,https://example.org/cam-testdata/small/Assay/s02-f0012-mother-wgs
small/Assay/s02-f0012-proband-wgs,Assay,di-irzjjnw0ce,https://example.org/cam-testdata/small/Assay/s02-f0012-proband-wgs
small/BiospecimenCollection/s01-f0002-mother-blood-draw,BiospecimenCollection,bsc-ahm7zmwt16,https://example.org/cam-testdata/small/BiospecimenCollection/s01-f0002-mother-blood-draw
small/BiospecimenCollection/s01-f0002-proband-blood-draw,BiospecimenCollection,bsc-fkqy2ieno2,https://example.org/cam-testdata/small/BiospecimenCollection/s01-f0002-proband-blood-draw
small/BiospecimenCollection/s01-f0003-proband-blood-draw,BiospecimenCollection,bsc-w1a2uebbvu,https://example.org/cam-testdata/small/BiospecimenCollection/s01-f0003-proband-blood-draw
small/BiospecimenCollection/s01-f0004-father-blood-draw,BiospecimenCollection,bsc-7x4j5lg88l,https://example.org/cam-testdata/small/BiospecimenCollection/s01-f0004-father-blood-draw
small/BiospecimenCollection/s01-f0004-proband-blood-draw,BiospecimenCollection,bsc-zma9347umx,https://example.org/cam-testdata/small/BiospecimenCollection/s01-f0004-proband-blood-draw
small/BiospecimenCollection/s01-f0006-father-blood-draw,BiospecimenCollection,bsc-aiptm14ear,https://example.org/cam-testdata/small/BiospecimenCollection/s01-f0006-father-blood-draw
small/BiospecimenCollection/s01-f0006-proband-blood-draw,BiospecimenCollection,bsc-ybue3pod7g,https://example.org/cam-testdata/small/BiospecimenCollection/s01-f0006-proband-blood-draw
small/BiospecimenCollection/s01-f0008-proband-blood-draw,BiospecimenCollection,bsc-ych91dvz45,https://example.org/cam-testdata/small/BiospecimenCollection/s01-f0008-proband-blood-draw
small/BiospecimenCollection/s01-f0009-proband-blood-draw,BiospecimenCollection,bsc-fpnhjdh9mn,https://example.org/cam-testdata/small/BiospecimenCollection/s01-f0009-proband-blood-draw
small/BiospecimenCollection/s01-f0010-mother-blood-draw,BiospecimenCollection,bsc-ebp5r1lgor,https://example.org/cam-testdata/small/BiospecimenCollection/s01-f0010-mother-blood-draw
small/BiospecimenCollection/s01-f0011-father-blood-draw,BiospecimenCollection,bsc-b7q94aowax,https://example.org/cam-testdata/small/BiospecimenCollection/s01-f0011-father-blood-draw
small/BiospecimenCollection/s01-f0011-mother-blood-draw,BiospecimenCollection,bsc-4aflfyecd3,https://example.org/cam-testdata/small/BiospecimenCollection/s01-f0011-mother-blood-draw
small/BiospecimenCollection/s01-f0011-proband-blood-draw,BiospecimenCollection,bsc-xmvx574ulv,https://example.org/cam-testdata/small/BiospecimenCollection/s01-f0011-proband-blood-draw
small/BiospecimenCollection/s01-f0012-proband-blood-draw,BiospecimenCollection,bsc-576p85idzp,https://example.org/cam-testdata/small/BiospecimenCollection/s01-f0012-proband-blood-draw
small/BiospecimenCollection/s02-f0001-proband-blood-draw,BiospecimenCollection,bsc-xe1t4yz07s,https://example.org/cam-testdata/small/BiospecimenCollection/s02-f0001-proband-blood-draw
small/BiospecimenCollection/s02-f0002-father-blood-draw,BiospecimenCollection,bsc-t2k6bwj9eg,https://example.org/cam-testdata/small/BiospecimenCollection/s02-f0002-father-blood-draw
small/BiospecimenCollection/s02-f0002-mother-blood-draw,BiospecimenCollection,bsc-xoiqgmao8y,https://example.org/cam-testdata/small/BiospecimenCollection/s02-f0002-mother-blood-draw
small/BiospecimenCollection/s02-f0002-proband-blood-draw,BiospecimenCollection,bsc-ax86yg2qis,https://example.org/cam-testdata/small/BiospecimenCollection/s02-f0002-proband-blood-draw
small/BiospecimenCollection/s02-f0003-father-blood-draw,BiospecimenCollection,bsc-5ycxjt04v0,https://example.org/cam-testdata/small/BiospecimenCollection/s02-f0003-father-blood-draw
small/BiospecimenCollection/s02-f0003-mother-blood-draw,BiospecimenCollection,bsc-qge59vsp9x,https://example.org/cam-testdata/small/BiospecimenCollection/s02-f0003-mother-blood-draw
small/BiospecimenCollection/s02-f0003-proband-blood-draw,BiospecimenCollection,bsc-81rxkuftog,https://example.org/cam-testdata/small/BiospecimenCollection/s02-f0003-proband-blood-draw
small/BiospecimenCollection/s02-f0004-father-blood-draw,BiospecimenCollection,bsc-9cetpr0y47,https://example.org/cam-testdata/small/BiospecimenCollection/s02-f0004-father-blood-draw
small/BiospecimenCollection/s02-f0004-proband-blood-draw,BiospecimenCollection,bsc-lcx5u85hto,https://example.org/cam-testdata/small/BiospecimenCollection/s02-f0004-proband-blood-draw
small/BiospecimenCollection/s02-f0005-proband-blood-draw,BiospecimenCollection,bsc-rwwy83axy6,https://example.org/cam-testdata/small/BiospecimenCollection/s02-f0005-proband-blood-draw
small/BiospecimenCollection/s02-f0006-proband-blood-draw,BiospecimenCollection,bsc-7ppgj6m09d,https://example.org/cam-testdata/small/BiospecimenCollection/s02-f0006-proband-blood-draw
small/BiospecimenCollection/s02-f0008-proband-blood-draw,BiospecimenCollection,bsc-m4df3fz6lt,https://example.org/cam-testdata/small/BiospecimenCollection/s02-f0008-proband-blood-draw
small/BiospecimenCollection/s02-f0009-father-blood-draw,BiospecimenCollection,bsc-0p2uztsm0k,https://example.org/cam-testdata/small/BiospecimenCollection/s02-f0009-father-blood-draw
small/BiospecimenCollection/s02-f0010-proband-blood-draw,BiospecimenCollection,bsc-92e3t0yuwr,https://example.org/cam-testdata/small/BiospecimenCollection/s02-f0010-proband-blood-draw
small/BiospecimenCollection/s02-f0011-father-blood-draw,BiospecimenCollection,bsc-h2t6mxqssl,https://example.org/cam-testdata/small/BiospecimenCollection/s02-f0011-father-blood-draw
small/BiospecimenCollection/s02-f0011-proband-blood-draw,BiospecimenCollection,bsc-0fdgkol1qm,https://example.org/cam-testdata/small/BiospecimenCollection/s02-f0011-proband-blood-draw
small/BiospecimenCollection/s02-f0012-father-blood-draw,BiospecimenCollection,bsc-gqstqesa4i,https://example.org/cam-testdata/small/BiospecimenCollection/s02-f0012-father-blood-draw
small/BiospecimenCollection/s02-f0012-mother-blood-draw,BiospecimenCollection,bsc-fwfvwlq7ea,https://example.org/cam-testdata/small/BiospecimenCollection/s02-f0012-mother-blood-draw
small/BiospecimenCollection/s02-f0012-proband-blood-draw,BiospecimenCollection,bsc-iw86raqc18,https://example.org/cam-testdata/small/BiospecimenCollection/s02-f0012-proband-blood-draw
small/DOI/s01,DOI,https://doi.org/10.5072/cam-testdata.jiktz896,https://example.org/cam-testdata/small/DOI/s01
small/DOI/s02,DOI,https://doi.org/10.5072/cam-testdata.grdggrel,https://example.org/cam-testdata/small/DOI/s02
small/Dataset/s01-release-1,Dataset,ls-ba4m1f3o7k,https://example.org/cam-testdata/small/Dataset/s01-release-1
small/Dataset/s02-release-1,Dataset,ls-1154czjcje,https://example.org/cam-testdata/small/Dataset/s02-release-1
small/Demographics/s01-f0001-proband,Demographics,pt-lo3ubn20z3,https://example.org/cam-testdata/small/Demographics/s01-f0001-proband
small/Demographics/s01-f0002-father,Demographics,pt-223dzfx7g4,https://example.org/cam-testdata/small/Demographics/s01-f0002-father
small/Demographics/s01-f0002-mother,Demographics,pt-rxqwqab2pf,https://example.org/cam-testdata/small/Demographics/s01-f0002-mother
small/Demographics/s01-f0002-proband,Demographics,pt-p8lz6kia0j,https://example.org/cam-testdata/small/Demographics/s01-f0002-proband
small/Demographics/s01-f0003-proband,Demographics,pt-xoyf6cflcc,https://example.org/cam-testdata/small/Demographics/s01-f0003-proband
small/Demographics/s01-f0004-father,Demographics,pt-sdhpmoh9yq,https://example.org/cam-testdata/small/Demographics/s01-f0004-father
small/Demographics/s01-f0004-mother,Demographics,pt-a15eslmrz3,https://example.org/cam-testdata/small/Demographics/s01-f0004-mother
small/Demographics/s01-f0004-proband,Demographics,pt-x2oc43ni3s,https://example.org/cam-testdata/small/Demographics/s01-f0004-proband
small/Demographics/s01-f0005-proband,Demographics,pt-ju11ude3rq,https://example.org/cam-testdata/small/Demographics/s01-f0005-proband
small/Demographics/s01-f0006-father,Demographics,pt-9gk8jq9c8a,https://example.org/cam-testdata/small/Demographics/s01-f0006-father
small/Demographics/s01-f0006-mother,Demographics,pt-3746e85sta,https://example.org/cam-testdata/small/Demographics/s01-f0006-mother
small/Demographics/s01-f0006-proband,Demographics,pt-oic36wj8i0,https://example.org/cam-testdata/small/Demographics/s01-f0006-proband
small/Demographics/s01-f0007-proband,Demographics,pt-sv38knyk22,https://example.org/cam-testdata/small/Demographics/s01-f0007-proband
small/Demographics/s01-f0008-proband,Demographics,pt-89rj8wzflm,https://example.org/cam-testdata/small/Demographics/s01-f0008-proband
small/Demographics/s01-f0009-proband,Demographics,pt-ti0pzgxycp,https://example.org/cam-testdata/small/Demographics/s01-f0009-proband
small/Demographics/s01-f0010-father,Demographics,pt-72iwinqiw2,https://example.org/cam-testdata/small/Demographics/s01-f0010-father
small/Demographics/s01-f0010-mother,Demographics,pt-m9q9s4y6en,https://example.org/cam-testdata/small/Demographics/s01-f0010-mother
small/Demographics/s01-f0010-proband,Demographics,pt-onkaogf9n1,https://example.org/cam-testdata/small/Demographics/s01-f0010-proband
small/Demographics/s01-f0011-father,Demographics,pt-p9wydbuq5q,https://example.org/cam-testdata/small/Demographics/s01-f0011-father
small/Demographics/s01-f0011-mother,Demographics,pt-455yp3stzr,https://example.org/cam-testdata/small/Demographics/s01-f0011-mother
small/Demographics/s01-f0011-proband,Demographics,pt-e1qowyg6qe,https://example.org/cam-testdata/small/Demographics/s01-f0011-proband
small/Demographics/s01-f0012-proband,Demographics,pt-z07ixekmp1,https://example.org/cam-testdata/small/Demographics/s01-f0012-proband
small/Demographics/s02-f0001-father,Demographics,pt-t3ll8jhskm,https://example.org/cam-testdata/small/Demographics/s02-f0001-father
small/Demographics/s02-f0001-mother,Demographics,pt-q5abjhzige,https://example.org/cam-testdata/small/Demographics/s02-f0001-mother
small/Demographics/s02-f0001-proband,Demographics,pt-r22hejnzwv,https://example.org/cam-testdata/small/Demographics/s02-f0001-proband
small/Demographics/s02-f0002-father,Demographics,pt-undm70vrd3,https://example.org/cam-testdata/small/Demographics/s02-f0002-father
small/Demographics/s02-f0002-mother,Demographics,pt-0y0gjl36rz,https://example.org/cam-testdata/small/Demographics/s02-f0002-mother
small/Demographics/s02-f0002-proband,Demographics,pt-l98koluj11,https://example.org/cam-testdata/small/Demographics/s02-f0002-proband
small/Demographics/s02-f0003-father,Demographics,pt-6vj8yjqt9f,https://example.org/cam-testdata/small/Demographics/s02-f0003-father
small/Demographics/s02-f0003-mother,Demographics,pt-2tcvf9d0mr,https://example.org/cam-testdata/small/Demographics/s02-f0003-mother
small/Demographics/s02-f0003-proband,Demographics,pt-9mylk1ozmd,https://example.org/cam-testdata/small/Demographics/s02-f0003-proband
small/Demographics/s02-f0004-father,Demographics,pt-yuolgzovn5,https://example.org/cam-testdata/small/Demographics/s02-f0004-father
small/Demographics/s02-f0004-mother,Demographics,pt-0mz8ptoiqy,https://example.org/cam-testdata/small/Demographics/s02-f0004-mother
small/Demographics/s02-f0004-proband,Demographics,pt-tyk26seuny,https://example.org/cam-testdata/small/Demographics/s02-f0004-proband
small/Demographics/s02-f0005-proband,Demographics,pt-vvn9rj70ad,https://example.org/cam-testdata/small/Demographics/s02-f0005-proband
small/Demographics/s02-f0006-mother,Demographics,pt-ljv5blx4vb,https://example.org/cam-testdata/small/Demographics/s02-f0006-mother
small/Demographics/s02-f0006-proband,Demographics,pt-pkqb7v1zxd,https://example.org/cam-testdata/small/Demographics/s02-f0006-proband
small/Demographics/s02-f0007-proband,Demographics,pt-0yxamgf21w,https://example.org/cam-testdata/small/Demographics/s02-f0007-proband
small/Demographics/s02-f0008-proband,Demographics,pt-fhfb8mfhx3,https://example.org/cam-testdata/small/Demographics/s02-f0008-proband
small/Demographics/s02-f0009-father,Demographics,pt-r8x9pj0tys,https://example.org/cam-testdata/small/Demographics/s02-f0009-father
small/Demographics/s02-f0009-mother,Demographics,pt-1ohce2h4jo,https://example.org/cam-testdata/small/Demographics/s02-f0009-mother
small/Demographics/s02-f0009-proband,Demographics,pt-hmejx0uz9s,https://example.org/cam-testdata/small/Demographics/s02-f0009-proband
small/Demographics/s02-f0010-mother,Demographics,pt-2px245swmn,https://example.org/cam-testdata/small/Demographics/s02-f0010-mother
small/Demographics/s02-f0010-proband,Demographics,pt-2qhnztec9g,https://example.org/cam-testdata/small/Demographics/s02-f0010-proband
small/Demographics/s02-f0011-father,Demographics,pt-3heturwy6c,https://example.org/cam-testdata/small/Demographics/s02-f0011-father
small/Demographics/s02-f0011-mother,Demographics,pt-8737trkhec,https://example.org/cam-testdata/small/Demographics/s02-f0011-mother
small/Demographics/s02-f0011-proband,Demographics,pt-54i7xpb3so,https://example.org/cam-testdata/small/Demographics/s02-f0011-proband
small/Demographics/s02-f0012-father,Demographics,pt-j86rjc1yiy,https://example.org/cam-testdata/small/Demographics/s02-f0012-father
small/Demographics/s02-f0012-mother,Demographics,pt-wjcidufzz8,https://example.org/cam-testdata/small/Demographics/s02-f0012-mother
small/Demographics/s02-f0012-proband,Demographics,pt-f39hc6n8dq,https://example.org/cam-testdata/small/Demographics/s02-f0012-proband
small/Encounter/s01-f0001-proband-e1,Encounter,en-zm09xauzpg,https://example.org/cam-testdata/small/Encounter/s01-f0001-proband-e1
small/Encounter/s01-f0001-proband-e2,Encounter,en-yy5va4j9ek,https://example.org/cam-testdata/small/Encounter/s01-f0001-proband-e2
small/Encounter/s01-f0002-father-e1,Encounter,en-dnj7mbpxwy,https://example.org/cam-testdata/small/Encounter/s01-f0002-father-e1
small/Encounter/s01-f0002-mother-e1,Encounter,en-5rb4xuwxbw,https://example.org/cam-testdata/small/Encounter/s01-f0002-mother-e1
small/Encounter/s01-f0002-mother-e2,Encounter,en-0xoqinc7fd,https://example.org/cam-testdata/small/Encounter/s01-f0002-mother-e2
small/Encounter/s01-f0002-proband-e1,Encounter,en-snfsdthc3l,https://example.org/cam-testdata/small/Encounter/s01-f0002-proband-e1
small/Encounter/s01-f0002-proband-e2,Encounter,en-9fepya0v24,https://example.org/cam-testdata/small/Encounter/s01-f0002-proband-e2
small/Encounter/s01-f0003-proband-e1,Encounter,en-hty32ttirv,https://example.org/cam-testdata/small/Encounter/s01-f0003-proband-e1
small/Encounter/s01-f0004-father-e1,Encounter,en-4ftj1wn9eu,https://example.org/cam-testdata/small/Encounter/s01-f0004-father-e1
small/Encounter/s01-f0004-mother-e1,Encounter,en-vnqmkjs6yh,https://example.org/cam-testdata/small/Encounter/s01-f0004-mother-e1
small/Encounter/s01-f0004-mother-e2,Encounter,en-37g7oszxev,https://example.org/cam-testdata/small/Encounter/s01-f0004-mother-e2
small/Encounter/s01-f0004-proband-e1,Encounter,en-fzvv6gtysy,https://example.org/cam-testdata/small/Encounter/s01-f0004-proband-e1
small/Encounter/s01-f0005-proband-e1,Encounter,en-tefw9pzcqd,https://example.org/cam-testdata/small/Encounter/s01-f0005-proband-e1
small/Encounter/s01-f0005-proband-e2,Encounter,en-fbi141a90w,https://example.org/cam-testdata/small/Encounter/s01-f0005-proband-e2
small/Encounter/s01-f0005-proband-e3,Encounter,en-5f1hpseun4,https://example.org/cam-testdata/small/Encounter/s01-f0005-proband-e3
small/Encounter/s01-f0005-proband-e4,Encounter,en-t16w8ysicm,https://example.org/cam-testdata/small/Encounter/s01-f0005-proband-e4
small/Encounter/s01-f0005-proband-e5,Encounter,en-utdf30g4sz,https://example.org/cam-testdata/small/Encounter/s01-f0005-proband-e5
small/Encounter/s01-f0006-father-e1,Encounter,en-u91g5noeql,https://example.org/cam-testdata/small/Encounter/s01-f0006-father-e1
small/Encounter/s01-f0006-father-e2,Encounter,en-du9cflvbxm,https://example.org/cam-testdata/small/Encounter/s01-f0006-father-e2
small/Encounter/s01-f0006-father-e3,Encounter,en-xz2hbgwzn6,https://example.org/cam-testdata/small/Encounter/s01-f0006-father-e3
small/Encounter/s01-f0006-father-e4,Encounter,en-aghkbl3d6d,https://example.org/cam-testdata/small/Encounter/s01-f0006-father-e4
small/Encounter/s01-f0006-mother-e1,Encounter,en-qaspjjc6xk,https://example.org/cam-testdata/small/Encounter/s01-f0006-mother-e1
small/Encounter/s01-f0006-proband-e1,Encounter,en-70d572s02w,https://example.org/cam-testdata/small/Encounter/s01-f0006-proband-e1
small/Encounter/s01-f0006-proband-e2,Encounter,en-9126cqyvgh,https://example.org/cam-testdata/small/Encounter/s01-f0006-proband-e2
small/Encounter/s01-f0006-proband-e3,Encounter,en-k1vlefv7sl,https://example.org/cam-testdata/small/Encounter/s01-f0006-proband-e3
small/Encounter/s01-f0006-proband-e4,Encounter,en-d324se3bz1,https://example.org/cam-testdata/small/Encounter/s01-f0006-proband-e4
small/Encounter/s01-f0006-proband-e5,Encounter,en-jhi9nl200b,https://example.org/cam-testdata/small/Encounter/s01-f0006-proband-e5
small/Encounter/s01-f0006-proband-e6,Encounter,en-b8e014pn1b,https://example.org/cam-testdata/small/Encounter/s01-f0006-proband-e6
small/Encounter/s01-f0006-proband-e7,Encounter,en-ww2ja9pj9i,https://example.org/cam-testdata/small/Encounter/s01-f0006-proband-e7
small/Encounter/s01-f0007-proband-e1,Encounter,en-wmnvmcugkg,https://example.org/cam-testdata/small/Encounter/s01-f0007-proband-e1
small/Encounter/s01-f0007-proband-e2,Encounter,en-71pdhbpci8,https://example.org/cam-testdata/small/Encounter/s01-f0007-proband-e2
small/Encounter/s01-f0008-proband-e1,Encounter,en-3w3yqj345a,https://example.org/cam-testdata/small/Encounter/s01-f0008-proband-e1
small/Encounter/s01-f0008-proband-e2,Encounter,en-bpadpmgmn4,https://example.org/cam-testdata/small/Encounter/s01-f0008-proband-e2
small/Encounter/s01-f0009-proband-e1,Encounter,en-p7bwjxjr89,https://example.org/cam-testdata/small/Encounter/s01-f0009-proband-e1
small/Encounter/s01-f0010-father-e1,Encounter,en-vwr8pv583f,https://example.org/cam-testdata/small/Encounter/s01-f0010-father-e1
small/Encounter/s01-f0010-father-e2,Encounter,en-b1sc01ejvc,https://example.org/cam-testdata/small/Encounter/s01-f0010-father-e2
small/Encounter/s01-f0010-father-e3,Encounter,en-ulcinr5rwe,https://example.org/cam-testdata/small/Encounter/s01-f0010-father-e3
small/Encounter/s01-f0010-father-e4,Encounter,en-vf2xqp0cgw,https://example.org/cam-testdata/small/Encounter/s01-f0010-father-e4
small/Encounter/s01-f0010-father-e5,Encounter,en-q129c96jwm,https://example.org/cam-testdata/small/Encounter/s01-f0010-father-e5
small/Encounter/s01-f0010-mother-e1,Encounter,en-ac3zkhkoea,https://example.org/cam-testdata/small/Encounter/s01-f0010-mother-e1
small/Encounter/s01-f0010-mother-e2,Encounter,en-eyo6kevwnt,https://example.org/cam-testdata/small/Encounter/s01-f0010-mother-e2
small/Encounter/s01-f0010-proband-e1,Encounter,en-fh7yztzqz3,https://example.org/cam-testdata/small/Encounter/s01-f0010-proband-e1
small/Encounter/s01-f0010-proband-e2,Encounter,en-aguhbqalry,https://example.org/cam-testdata/small/Encounter/s01-f0010-proband-e2
small/Encounter/s01-f0010-proband-e3,Encounter,en-93e6hmrh4c,https://example.org/cam-testdata/small/Encounter/s01-f0010-proband-e3
small/Encounter/s01-f0011-father-e1,Encounter,en-3r27knw98z,https://example.org/cam-testdata/small/Encounter/s01-f0011-father-e1
small/Encounter/s01-f0011-mother-e1,Encounter,en-xjnxwoy1n5,https://example.org/cam-testdata/small/Encounter/s01-f0011-mother-e1
small/Encounter/s01-f0011-mother-e2,Encounter,en-2dhre19xtm,https://example.org/cam-testdata/small/Encounter/s01-f0011-mother-e2
small/Encounter/s01-f0011-mother-e3,Encounter,en-u7v47av9ah,https://example.org/cam-testdata/small/Encounter/s01-f0011-mother-e3
small/Encounter/s01-f0011-proband-e1,Encounter,en-uy3d597ur6,https://example.org/cam-testdata/small/Encounter/s01-f0011-proband-e1
small/Encounter/s01-f0012-proband-e1,Encounter,en-ectdqj2grd,https://example.org/cam-testdata/small/Encounter/s01-f0012-proband-e1
small/Encounter/s01-f0012-proband-e2,Encounter,en-7a001sfm8n,https://example.org/cam-testdata/small/Encounter/s01-f0012-proband-e2
small/Encounter/s02-f0001-father-e1,Encounter,en-8z9uz60f52,https://example.org/cam-testdata/small/Encounter/s02-f0001-father-e1
small/Encounter/s02-f0001-father-e2,Encounter,en-fxlvq5v9oq,https://example.org/cam-testdata/small/Encounter/s02-f0001-father-e2
small/Encounter/s02-f0001-mother-e1,Encounter,en-fllm9cpfrm,https://example.org/cam-testdata/small/Encounter/s02-f0001-mother-e1
small/Encounter/s02-f0001-proband-e1,Encounter,en-bnamypeobm,https://example.org/cam-testdata/small/Encounter/s02-f0001-proband-e1
small/Encounter/s02-f0001-proband-e2,Encounter,en-m7srkh9qay,https://example.org/cam-testdata/small/Encounter/s02-f0001-proband-e2
small/Encounter/s02-f0002-father-e1,Encounter,en-psdcahprqw,https://example.org/cam-testdata/small/Encounter/s02-f0002-father-e1
small/Encounter/s02-f0002-father-e2,Encounter,en-piitsol95e,https://example.org/cam-testdata/small/Encounter/s02-f0002-father-e2
small/Encounter/s02-f0002-father-e3,Encounter,en-54kdwrummy,https://example.org/cam-testdata/small/Encounter/s02-f0002-father-e3
small/Encounter/s02-f0002-father-e4,Encounter,en-99pgn5kovj,https://example.org/cam-testdata/small/Encounter/s02-f0002-father-e4
small/Encounter/s02-f0002-father-e5,Encounter,en-3oxofw2ph8,https://example.org/cam-testdata/small/Encounter/s02-f0002-father-e5
small/Encounter/s02-f0002-father-e6,Encounter,en-zso7zafqqb,https://example.org/cam-testdata/small/Encounter/s02-f0002-father-e6
small/Encounter/s02-f0002-mother-e1,Encounter,en-0yzxa17due,https://example.org/cam-testdata/small/Encounter/s02-f0002-mother-e1
small/Encounter/s02-f0002-mother-e2,Encounter,en-vm322d7vf8,https://example.org/cam-testdata/small/Encounter/s02-f0002-mother-e2
small/Encounter/s02-f0002-proband-e1,Encounter,en-h0f37za8k9,https://example.org/cam-testdata/small/Encounter/s02-f0002-proband-e1
small/Encounter/s02-f0002-proband-e2,Encounter,en-xzzexxf6sl,https://example.org/cam-testdata/small/Encounter/s02-f0002-proband-e2
small/Encounter/s02-f0002-proband-e3,Encounter,en-1oou4fyukz,https://example.org/cam-testdata/small/Encounter/s02-f0002-proband-e3
small/Encounter/s02-f0002-proband-e4,Encounter,en-eeg8biszms,https://example.org/cam-testdata/small/Encounter/s02-f0002-proband-e4
small/Encounter/s02-f0003-father-e1,Encounter,en-wk37ruji9h,https://example.org/cam-testdata/small/Encounter/s02-f0003-father-e1
small/Encounter/s02-f0003-mother-e1,Encounter,en-m9b9fyjc49,https://example.org/cam-testdata/small/Encounter/s02-f0003-mother-e1
small/Encounter/s02-f0003-mother-e2,Encounter,en-j4tyrlcsdx,https://example.org/cam-testdata/small/Encounter/s02-f0003-mother-e2
small/Encounter/s02-f0003-mother-e3,Encounter,en-z37eh1zbah,https://example.org/cam-testdata/small/Encounter/s02-f0003-mother-e3
small/Encounter/s02-f0003-proband-e1,Encounter,en-t9bwyprx5q,https://example.org/cam-testdata/small/Encounter/s02-f0003-proband-e1
small/Encounter/s02-f0003-proband-e2,Encounter,en-19faoum56l,https://example.org/cam-testdata/small/Encounter/s02-f0003-proband-e2
small/Encounter/s02-f0004-father-e1,Encounter,en-462rqvpjnl,https://example.org/cam-testdata/small/Encounter/s02-f0004-father-e1
small/Encounter/s02-f0004-father-e2,Encounter,en-4j90dvrcms,https://example.org/cam-testdata/small/Encounter/s02-f0004-father-e2
small/Encounter/s02-f0004-mother-e1,Encounter,en-cpskfds6y0,https://example.org/cam-testdata/small/Encounter/s02-f0004-mother-e1
small/Encounter/s02-f0004-mother-e2,Encounter,en-spobtehzht,https://example.org/cam-testdata/small/Encounter/s02-f0004-mother-e2
small/Encounter/s02-f0004-proband-e1,Encounter,en-33pjcj2zyr,https://example.org/cam-testdata/small/Encounter/s02-f0004-proband-e1
small/Encounter/s02-f0004-proband-e2,Encounter,en-m8g4iq6aze,https://example.org/cam-testdata/small/Encounter/s02-f0004-proband-e2
small/Encounter/s02-f0004-proband-e3,Encounter,en-jeiqsk3o75,https://example.org/cam-testdata/small/Encounter/s02-f0004-proband-e3
small/Encounter/s02-f0005-proband-e1,Encounter,en-iuq1y5pok6,https://example.org/cam-testdata/small/Encounter/s02-f0005-proband-e1
small/Encounter/s02-f0005-proband-e2,Encounter,en-8ex1k0x1j9,https://example.org/cam-testdata/small/Encounter/s02-f0005-proband-e2
small/Encounter/s02-f0006-mother-e1,Encounter,en-8yqbmoe8nl,https://example.org/cam-testdata/small/Encounter/s02-f0006-mother-e1
small/Encounter/s02-f0006-mother-e2,Encounter,en-zuhsbjz5wa,https://example.org/cam-testdata/small/Encounter/s02-f0006-mother-e2
small/Encounter/s02-f0006-mother-e3,Encounter,en-l299mdx29i,https://example.org/cam-testdata/small/Encounter/s02-f0006-mother-e3
small/Encounter/s02-f0006-mother-e4,Encounter,en-x285qbotal,https://example.org/cam-testdata/small/Encounter/s02-f0006-mother-e4
small/Encounter/s02-f0006-proband-e1,Encounter,en-2e0c9af4hv,https://example.org/cam-testdata/small/Encounter/s02-f0006-proband-e1
small/Encounter/s02-f0006-proband-e2,Encounter,en-zpk2a5e9x0,https://example.org/cam-testdata/small/Encounter/s02-f0006-proband-e2
small/Encounter/s02-f0006-proband-e3,Encounter,en-7u8yj7j9a2,https://example.org/cam-testdata/small/Encounter/s02-f0006-proband-e3
small/Encounter/s02-f0006-proband-e4,Encounter,en-q1egnr34ll,https://example.org/cam-testdata/small/Encounter/s02-f0006-proband-e4
small/Encounter/s02-f0007-proband-e1,Encounter,en-u93vrde8oe,https://example.org/cam-testdata/small/Encounter/s02-f0007-proband-e1
small/Encounter/s02-f0008-proband-e1,Encounter,en-fhc4rsoon8,https://example.org/cam-testdata/small/Encounter/s02-f0008-proband-e1
small/Encounter/s02-f0009-father-e1,Encounter,en-9anqudvpb6,https://example.org/cam-testdata/small/Encounter/s02-f0009-father-e1
small/Encounter/s02-f0009-father-e2,Encounter,en-7b47r8p2wu,https://example.org/cam-testdata/small/Encounter/s02-f0009-father-e2
small/Encounter/s02-f0009-father-e3,Encounter,en-sihh36j4bo,https://example.org/cam-testdata/small/Encounter/s02-f0009-father-e3
small/Encounter/s02-f0009-father-e4,Encounter,en-vj5z3vr1jp,https://example.org/cam-testdata/small/Encounter/s02-f0009-father-e4
small/Encounter/s02-f0009-father-e5,Encounter,en-0ajbzdihrl,https://example.org/cam-testdata/small/Encounter/s02-f0009-father-e5
small/Encounter/s02-f0009-mother-e1,Encounter,en-8jhpgyo16d,https://example.org/cam-testdata/small/Encounter/s02-f0009-mother-e1
small/Encounter/s02-f0009-mother-e2,Encounter,en-3gzh6x06zc,https://example.org/cam-testdata/small/Encounter/s02-f0009-mother-e2
small/Encounter/s02-f0009-proband-e1,Encounter,en-p09jfo6uyf,https://example.org/cam-testdata/small/Encounter/s02-f0009-proband-e1
small/Encounter/s02-f0009-proband-e2,Encounter,en-n43dh26vft,https://example.org/cam-testdata/small/Encounter/s02-f0009-proband-e2
small/Encounter/s02-f0009-proband-e3,Encounter,en-uoiadmev43,https://example.org/cam-testdata/small/Encounter/s02-f0009-proband-e3
small/Encounter/s02-f0010-mother-e1,Encounter,en-b9c8kpg1fv,https://example.org/cam-testdata/small/Encounter/s02-f0010-mother-e1
small/Encounter/s02-f0010-mother-e2,Encounter,en-7099746o3f,https://example.org/cam-testdata/small/Encounter/s02-f0010-mother-e2
small/Encounter/s02-f0010-mother-e3,Encounter,en-o3tc9y3r1e,https://example.org/cam-testdata/small/Encounter/s02-f0010-mother-e3
small/Encounter/s02-f0010-proband-e1,Encounter,en-8k56b91q99,https://example.org/cam-testdata/small/Encounter/s02-f0010-proband-e1
small/Encounter/s02-f0011-father-e1,Encounter,en-fffupimvbd,https://example.org/cam-testdata/small/Encounter/s02-f0011-father-e1
small/Encounter/s02-f0011-father-e2,Encounter,en-r7bzto7yv0,https://example.org/cam-testdata/small/Encounter/s02-f0011-father-e2
small/Encounter/s02-f0011-mother-e1,Encounter,en-91kvzh5d63,https://example.org/cam-testdata/small/Encounter/s02-f0011-mother-e1
small/Encounter/s02-f0011-mother-e2,Encounter,en-uxkwnqdefb,https://example.org/cam-testdata/small/Encounter/s02-f0011-mother-e2
small/Encounter/s02-f0011-mother-e3,Encounter,en-8hv34ena0p,https://example.org/cam-testdata/small/Encounter/s02-f0011-mother-e3
small/Encounter/s02-f0011-proband-e1,Encounter,en-re5c9kzl4g,https://example.org/cam-testdata/small/Encounter/s02-f0011-proband-e1
small/Encounter/s02-f0011-proband-e2,Encounter,en-x0thwtgjf6,https://example.org/cam-testdata/small/Encounter/s02-f0011-proband-e2
small/Encounter/s02-f0011-proband-e3,Encounter,en-qartmoyz85,https://example.org/cam-testdata/small/Encounter/s02-f0011-proband-e3
small/Encounter/s02-f0012-father-e1,Encounter,en-43d39bonyc,https://example.org/cam-testdata/small/Encounter/s02-f0012-father-e1
small/Encounter/s02-f0012-mother-e1,Encounter,en-nv2jnkrhov,https://example.org/cam-testdata/small/Encounter/s02-f0012-mother-e1
small/Encounter/s02-f0012-mother-e2,Encounter,en-apthh6nh01,https://example.org/cam-testdata/small/Encounter/s02-f0012-mother-e2
small/Encounter/s02-f0012-mother-e3,Encounter,en-n6qtvc8xne,https://example.org/cam-testdata/small/Encounter/s02-f0012-mother-e3
small/Encounter/s02-f0012-proband-e1,Encounter,en-ianln70jil,https://example.org/cam-testdata/small/Encounter/s02-f0012-proband-e1
small/Encounter/s02-f0012-proband-e2,Encounter,en-vw8088hbev,https://example.org/cam-testdata/small/Encounter/s02-f0012-proband-e2
small/EncounterDefinition/s01-baseline,EncounterDefinition,pd-1xae2rmewt,https://example.org/cam-testdata/small/EncounterDefinition/s01-baseline
small/EncounterDefinition/s01-follow-up,EncounterDefinition,pd-58ok1sysct,https://example.org/cam-testdata/small/EncounterDefinition/s01-follow-up
small/EncounterDefinition/s02-baseline,EncounterDefinition,pd-v5mqi1nr9t,https://example.org/cam-testdata/small/EncounterDefinition/s02-baseline
small/EncounterDefinition/s02-follow-up,EncounterDefinition,pd-1nasrhdjhv,https://example.org/cam-testdata/small/EncounterDefinition/s02-follow-up
small/Family/s01-f0001,Family,gr-a4jmkf3hmb,https://example.org/cam-testdata/small/Family/s01-f0001
small/Family/s01-f0002,Family,gr-pjg6syepak,https://example.org/cam-testdata/small/Family/s01-f0002
small/Family/s01-f0003,Family,gr-x8t1druio3,https://example.org/cam-testdata/small/Family/s01-f0003
small/Family/s01-f0004,Family,gr-8rtgm53791,https://example.org/cam-testdata/small/Family/s01-f0004
small/Family/s01-f0005,Family,gr-9dlpx8yoya,https://example.org/cam-testdata/small/Family/s01-f0005
small/Family/s01-f0006,Family,gr-ak7iyas6ix,https://example.org/cam-testdata/small/Family/s01-f0006
small/Family/s01-f0007,Family,gr-fcybny88t1,https://example.org/cam-testdata/small/Family/s01-f0007
small/Family/s01-f0008,Family,gr-v5ied6g1qi,https://example.org/cam-testdata/small/Family/s01-f0008
small/Family/s01-f0009,Family,gr-712cogepvh,https://example.org/cam-testdata/small/Family/s01-f0009
small/Family/s01-f0010,Family,gr-zf9y99gaje,https://example.org/cam-testdata/small/Family/s01-f0010
small/Family/s01-f0011,Family,gr-znyuulhgxc,https://example.org/cam-testdata/small/Family/s01-f0011
small/Family/s01-f0012,Family,gr-r88okq37o0,https://example.org/cam-testdata/small/Family/s01-f0012
small/Family/s02-f0001,Family,gr-lysgrb1kny,https://example.org/cam-testdata/small/Family/s02-f0001
small/Family/s02-f0002,Family,gr-i1ue0qin9w,https://example.org/cam-testdata/small/Family/s02-f0002
small/Family/s02-f0003,Family,gr-88gvp0xb9m,https://example.org/cam-testdata/small/Family/s02-f0003
small/Family/s02-f0004,Family,gr-y2o3d7nwvm,https://example.org/cam-testdata/small/Family/s02-f0004
small/Family/s02-f0005,Family,gr-16iokvr3dp,https://example.org/cam-testdata/small/Family/s02-f0005
small/Family/s02-f0006,Family,gr-dw1i7se19t,https://example.org/cam-testdata/small/Family/s02-f0006
small/Family/s02-f0007,Family,gr-b4m81p6827,https://example.org/cam-testdata/small/Family/s02-f0007
small/Family/s02-f0008,Family,gr-be10ri4wkd,https://example.org/cam-testdata/small/Family/s02-f0008
small/Family/s02-f0009,Family,gr-g3m1f955mo,https://example.org/cam-testdata/small/Family/s02-f0009
small/Family/s02-f0010,Family,gr-7xapo2miv7,https://example.org/cam-testdata/small/Family/s02-f0010
small/Family/s02-f0011,Family,gr-87lzvahybi,https://example.org/cam-testdata/small/Family/s02-f0011
small/Family/s02-f0012,Family,gr-xogbo0i77i,https://example.org/cam-testdata/small/Family/s02-f0012
small/FamilyMembership/s01-f0001-proband,FamilyMembership,fmb-2a1h6r8s4t,https://example.org/cam-testdata/small/FamilyMembership/s01-f0001-proband
small/FamilyMembership/s01-f0002-father,FamilyMembership,fmb-f0cf4pkxo1,https://example.org/cam-testdata/small/FamilyMembership/s01-f0002-father
small/FamilyMembership/s01-f0002-mother,FamilyMembership,fmb-gcu2axsyml,https://example.org/cam-testdata/small/FamilyMembership/s01-f0002-mother
small/FamilyMembership/s01-f0002-proband,FamilyMembership,fmb-4s8zym21x2,https://example.org/cam-testdata/small/FamilyMembership/s01-f0002-proband
small/FamilyMembership/s01-f0003-proband,FamilyMembership,fmb-1e9c816j69,https://example.org/cam-testdata/small/FamilyMembership/s01-f0003-proband
small/FamilyMembership/s01-f0004-father,FamilyMembership,fmb-p2oduyc6co,https://example.org/cam-testdata/small/FamilyMembership/s01-f0004-father
small/FamilyMembership/s01-f0004-mother,FamilyMembership,fmb-oiw1tlq9t8,https://example.org/cam-testdata/small/FamilyMembership/s01-f0004-mother
small/FamilyMembership/s01-f0004-proband,FamilyMembership,fmb-v0cs6po8jz,https://example.org/cam-testdata/small/FamilyMembership/s01-f0004-proband
small/FamilyMembership/s01-f0005-proband,FamilyMembership,fmb-aq0s0409iw,https://example.org/cam-testdata/small/FamilyMembership/s01-f0005-proband
small/FamilyMembership/s01-f0006-father,FamilyMembership,fmb-w200msfqv5,https://example.org/cam-testdata/small/FamilyMembership/s01-f0006-father
small/FamilyMembership/s01-f0006-mother,FamilyMembership,fmb-mqah4kmkj2,https://example.org/cam-testdata/small/FamilyMembership/s01-f0006-mother
small/FamilyMembership/s01-f0006-proband,FamilyMembership,fmb-8k6aved2al,https://example.org/cam-testdata/small/FamilyMembership/s01-f0006-proband
small/FamilyMembership/s01-f0007-proband,FamilyMembership,fmb-kealn3jji7,https://example.org/cam-testdata/small/FamilyMembership/s01-f0007-proband
small/FamilyMembership/s01-f0008-proband,FamilyMembership,fmb-sn9kplil0u,https://example.org/cam-testdata/small/FamilyMembership/s01-f0008-proband
small/FamilyMembership/s01-f0009-proband,FamilyMembership,fmb-ufdhq7ld00,https://example.org/cam-testdata/small/FamilyMembership/s01-f0009-proband
small/FamilyMembership/s01-f0010-father,FamilyMembership,fmb-i9yc7m81k3,https://example.org/cam-testdata/small/FamilyMembership/s01-f0010-father
small/FamilyMembership/s01-f0010-mother,FamilyMembership,fmb-bac97kgvz1,https://example.org/cam-testdata/small/FamilyMembership/s01-f0010-mother
small/FamilyMembership/s01-f0010-proband,FamilyMembership,fmb-19l0b69lwo,https://example.org/cam-testdata/small/FamilyMembership/s01-f0010-proband
small/FamilyMembership/s01-f0011-father,FamilyMembership,fmb-fbh2x0owpl,https://example.org/cam-testdata/small/FamilyMembership/s01-f0011-father
small/FamilyMembership/s01-f0011-mother,FamilyMembership,fmb-j1twk9vh6h,https://example.org/cam-testdata/small/FamilyMembership/s01-f0011-mother
small/FamilyMembership/s01-f0011-proband,FamilyMembership,fmb-z9wn0q5fyb,https://example.org/cam-testdata/small/FamilyMembership/s01-f0011-proband
small/FamilyMembership/s01-f0012-proband,FamilyMembership,fmb-foj6iwy31e,https://example.org/cam-testdata/small/FamilyMembership/s01-f0012-proband
small/FamilyMembership/s01-f0012-sibling,FamilyMembership,fmb-udehbn9w0t,https://example.org/cam-testdata/small/FamilyMembership/s01-f0012-sibling
small/FamilyMembership/s02-f0001-father,FamilyMembership,fmb-acucu0mlr7,https://example.org/cam-testdata/small/FamilyMembership/s02-f0001-father
small/FamilyMembership/s02-f0001-mother,FamilyMembership,fmb-seihbb64hr,https://example.org/cam-testdata/small/FamilyMembership/s02-f0001-mother
small/FamilyMembership/s02-f0001-proband,FamilyMembership,fmb-rwztb9hd6t,https://example.org/cam-testdata/small/FamilyMembership/s02-f0001-proband
small/FamilyMembership/s02-f0002-father,FamilyMembership,fmb-wgqxxr1vwy,https://example.org/cam-testdata/small/FamilyMembership/s02-f0002-father
small/FamilyMembership/s02-f0002-mother,FamilyMembership,fmb-v9i2oxdzkh,https://example.org/cam-testdata/small/FamilyMembership/s02-f0002-mother
small/FamilyMembership/s02-f0002-proband,FamilyMembership,fmb-19jm0txal2,https://example.org/cam-testdata/small/FamilyMembership/s02-f0002-proband
small/FamilyMembership/s02-f0003-father,FamilyMembership,fmb-ri7o0yhrna,https://example.org/cam-testdata/small/FamilyMembership/s02-f0003-father
small/FamilyMembership/s02-f0003-mother,FamilyMembership,fmb-7tj5sgx0cl,https://example.org/cam-testdata/small/FamilyMembership/s02-f0003-mother
small/FamilyMembership/s02-f0003-proband,FamilyMembership,fmb-fb8sx5xp2w,https://example.org/cam-testdata/small/FamilyMembership/s02-f0003-proband
small/FamilyMembership/s02-f0004-father,FamilyMembership,fmb-v56izvo9dp,https://example.org/cam-testdata/small/FamilyMembership/s02-f0004-father
small/FamilyMembership/s02-f0004-mother,FamilyMembership,fmb-1gmoslzj31,https://example.org/cam-testdata/small/FamilyMembership/s02-f0004-mother
small/FamilyMembership/s02-f0004-proband,FamilyMembership,fmb-aqdnt9s7di,https://example.org/cam-testdata/small/FamilyMembership/s02-f0004-proband
small/FamilyMembership/s02-f0005-proband,FamilyMembership,fmb-r8dcwt8uq3,https://example.org/cam-testdata/small/FamilyMembership/s02-f0005-proband
small/FamilyMembership/s02-f0005-sibling,FamilyMembership,fmb-kearvsvcnf,https://example.org/cam-testdata/small/FamilyMembership/s02-f0005-sibling
small/FamilyMembership/s02-f0006-mother,FamilyMembership,fmb-645ct2lh52,https://example.org/cam-testdata/small/FamilyMembership/s02-f0006-mother
small/FamilyMembership/s02-f0006-proband,FamilyMembership,fmb-w9lqdxodc0,https://example.org/cam-testdata/small/FamilyMembership/s02-f0006-proband
small/FamilyMembership/s02-f0007-proband,FamilyMembership,fmb-ll1j1r93cj,https://example.org/cam-testdata/small/FamilyMembership/s02-f0007-proband
small/FamilyMembership/s02-f0008-proband,FamilyMembership,fmb-a551f1uznd,https://example.org/cam-testdata/small/FamilyMembership/s02-f0008-proband
small/FamilyMembership/s02-f0009-father,FamilyMembership,fmb-rcaf1er3qt,https://example.org/cam-testdata/small/FamilyMembership/s02-f0009-father
small/FamilyMembership/s02-f0009-mother,FamilyMembership,fmb-pmm608r1qk,https://example.org/cam-testdata/small/FamilyMembership/s02-f0009-mother
small/FamilyMembership/s02-f0009-proband,FamilyMembership,fmb-2v8tc3c742,https://example.org/cam-testdata/small/FamilyMembership/s02-f0009-proband
small/FamilyMembership/s02-f0010-mother,FamilyMembership,fmb-od9ird4f2r,https://example.org/cam-testdata/small/FamilyMembership/s02-f0010-mother
small/FamilyMembership/s02-f0010-proband,FamilyMembership,fmb-7395siu2sf,https://example.org/cam-testdata/small/FamilyMembership/s02-f0010-proband
small/FamilyMembership/s02-f0011-father,FamilyMembership,fmb-0h1ud9othq,https://example.org/cam-testdata/small/FamilyMembership/s02-f0011-father
small/FamilyMembership/s02-f0011-mother,FamilyMembership,fmb-s4c5jr384t,https://example.org/cam-testdata/small/FamilyMembership/s02-f0011-mother
small/FamilyMembership/s02-f0011-proband,FamilyMembership,fmb-s5dp11hqt1,https://example.org/cam-testdata/small/FamilyMembership/s02-f0011-proband
small/FamilyMembership/s02-f0012-father,FamilyMembership,fmb-47rr1dxfv8,https://example.org/cam-testdata/small/FamilyMembership/s02-f0012-father
small/FamilyMembership/s02-f0012-mother,FamilyMembership,fmb-1z1n9lvgfn,https://example.org/cam-testdata/small/FamilyMembership/s02-f0012-mother
small/FamilyMembership/s02-f0012-proband,FamilyMembership,fmb-htnpraruzm,https://example.org/cam-testdata/small/FamilyMembership/s02-f0012-proband
small/FamilyRelationship/s01-f0002-father-of-proband,FamilyRelationship,fm-bckizjmffy,https://example.org/cam-testdata/small/FamilyRelationship/s01-f0002-father-of-proband
small/FamilyRelationship/s01-f0002-mother-of-proband,FamilyRelationship,fm-sx5k4wr5vf,https://example.org/cam-testdata/small/FamilyRelationship/s01-f0002-mother-of-proband
small/FamilyRelationship/s01-f0004-father-of-proband,FamilyRelationship,fm-sz5nqpfy67,https://example.org/cam-testdata/small/FamilyRelationship/s01-f0004-father-of-proband
small/FamilyRelationship/s01-f0004-mother-of-proband,FamilyRelationship,fm-apr0azc6vx,https://example.org/cam-testdata/small/FamilyRelationship/s01-f0004-mother-of-proband
small/FamilyRelationship/s01-f0006-father-of-proband,FamilyRelationship,fm-dn0zys7hkb,https://example.org/cam-testdata/small/FamilyRelationship/s01-f0006-father-of-proband
small/FamilyRelationship/s01-f0006-mother-of-proband,FamilyRelationship,fm-aplnnz3kfr,https://example.org/cam-testdata/small/FamilyRelationship/s01-f0006-mother-of-proband
small/FamilyRelationship/s01-f0010-father-of-proband,FamilyRelationship,fm-8a3mbp8l40,https://example.org/cam-testdata/small/FamilyRelationship/s01-f0010-father-of-proband
small/FamilyRelationship/s01-f0010-mother-of-proband,FamilyRelationship,fm-r99cdt95tz,https://example.org/cam-testdata/small/FamilyRelationship/s01-f0010-mother-of-proband
small/FamilyRelationship/s01-f0011-father-of-proband,FamilyRelationship,fm-ka758mnupm,https://example.org/cam-testdata/small/FamilyRelationship/s01-f0011-father-of-proband
small/FamilyRelationship/s01-f0011-mother-of-proband,FamilyRelationship,fm-9vbnj46o1c,https://example.org/cam-testdata/small/FamilyRelationship/s01-f0011-mother-of-proband
small/FamilyRelationship/s01-f0012-sibling-of-proband,FamilyRelationship,fm-7bibs9inmb,https://example.org/cam-testdata/small/FamilyRelationship/s01-f0012-sibling-of-proband
small/FamilyRelationship/s02-f0001-father-of-proband,FamilyRelationship,fm-m2rnu0b4ir,https://example.org/cam-testdata/small/FamilyRelationship/s02-f0001-father-of-proband
small/FamilyRelationship/s02-f0001-mother-of-proband,FamilyRelationship,fm-1lj60j5ttl,https://example.org/cam-testdata/small/FamilyRelationship/s02-f0001-mother-of-proband
small/FamilyRelationship/s02-f0002-father-of-proband,FamilyRelationship,fm-uio40fwh2o,https://example.org/cam-testdata/small/FamilyRelationship/s02-f0002-father-of-proband
small/FamilyRelationship/s02-f0002-mother-of-proband,FamilyRelationship,fm-uwm6v2w9gs,https://example.org/cam-testdata/small/FamilyRelationship/s02-f0002-mother-of-proband
small/FamilyRelationship/s02-f0003-father-of-proband,FamilyRelationship,fm-xveksgydqr,https://example.org/cam-testdata/small/FamilyRelationship/s02-f0003-father-of-proband
small/FamilyRelationship/s02-f0003-mother-of-proband,FamilyRelationship,fm-cpi2c0rx3r,https://example.org/cam-testdata/small/FamilyRelationship/s02-f0003-mother-of-proband
small/FamilyRelationship/s02-f0004-father-of-proband,FamilyRelationship,fm-lapxao03ag,https://example.org/cam-testdata/small/FamilyRelationship/s02-f0004-father-of-proband
small/FamilyRelationship/s02-f0004-mother-of-proband,FamilyRelationship,fm-4oijefqmp3,https://example.org/cam-testdata/small/FamilyRelationship/s02-f0004-mother-of-proband
small/FamilyRelationship/s02-f0005-sibling-of-proband,FamilyRelationship,fm-fbqm5oltat,https://example.org/cam-testdata/small/FamilyRelationship/s02-f0005-sibling-of-proband
small/FamilyRelationship/s02-f0006-mother-of-proband,FamilyRelationship,fm-ndbzvpv2la,https://example.org/cam-testdata/small/FamilyRelationship/s02-f0006-mother-of-proband
small/FamilyRelationship/s02-f0009-father-of-proband,FamilyRelationship,fm-mly6z9jgej,https://example.org/cam-testdata/small/FamilyRelationship/s02-f0009-father-of-proband
small/FamilyRelationship/s02-f0009-mother-of-proband,FamilyRelationship,fm-ru8zfg6off,https://example.org/cam-testdata/small/FamilyRelationship/s02-f0009-mother-of-proband
small/FamilyRelationship/s02-f0010-mother-of-proband,FamilyRelationship,fm-wekrzatifn,https://example.org/cam-testdata/small/FamilyRelationship/s02-f0010-mother-of-proband
small/FamilyRelationship/s02-f0011-father-of-proband,FamilyRelationship,fm-3901gmhqsd,https://example.org/cam-testdata/small/FamilyRelationship/s02-f0011-father-of-proband
small/FamilyRelationship/s02-f0011-mother-of-proband,FamilyRelationship,fm-btaroulsv9,https://example.org/cam-testdata/small/FamilyRelationship/s02-f0011-mother-of-proband
small/FamilyRelationship/s02-f0012-father-of-proband,FamilyRelationship,fm-kr1crfqeuw,https://example.org/cam-testdata/small/FamilyRelationship/s02-f0012-father-of-proband
small/FamilyRelationship/s02-f0012-mother-of-proband,FamilyRelationship,fm-z7ay4qx9oc,https://example.org/cam-testdata/small/FamilyRelationship/s02-f0012-mother-of-proband
small/File/s01-clinical,File,dr-pasezan1az,https://example.org/cam-testdata/small/File/s01-clinical
small/File/s01-clinical#MS:1000568,HashDigest,1871384782,
small/File/s01-f0002-joint-vcf,File,dr-5u4yj6t1qz,https://example.org/cam-testdata/small/File/s01-f0002-joint-vcf
small/File/s01-f0002-joint-vcf#MS:1000568,HashDigest,1811443486,
small/File/s01-f0002-mother-cram,File,dr-fpe7cm9118,https://example.org/cam-testdata/small/File/s01-f0002-mother-cram
small/File/s01-f0002-mother-cram#MS:1000568,HashDigest,38094842,
small/File/s01-f0002-proband-cram,File,dr-3ay88rjpq7,https://example.org/cam-testdata/small/File/s01-f0002-proband-cram
small/File/s01-f0002-proband-cram#MS:1000568,HashDigest,1646318231,
small/File/s01-f0002-proband-cram#MS:1000569,HashDigest,454235717,
small/File/s01-f0003-proband-cram,File,dr-ay99mw28h9,https://example.org/cam-testdata/small/File/s01-f0003-proband-cram
small/File/s01-f0003-proband-cram#MS:1000568,HashDigest,5831559,
small/File/s01-f0004-proband-cram,File,dr-fdxdtru8l2,https://example.org/cam-testdata/small/File/s01-f0004-proband-cram
small/File/s01-f0004-proband-cram#MS:1000568,HashDigest,698577365,
small/File/s01-f0006-father-cram,File,dr-l2tutwpe1u,https://example.org/cam-testdata/small/File/s01-f0006-father-cram
small/File/s01-f0006-father-cram#MS:1000568,HashDigest,407092195,
small/File/s01-f0011-proband-cram,File,dr-w6fcc1x2x3,https://example.org/cam-testdata/small/File/s01-f0011-proband-cram
small/File/s01-f0011-proband-cram#MS:1000568,HashDigest,166049792,
small/File/s01-f0011-proband-cram#MS:1000569,HashDigest,499796144,
small/File/s01-f0012-proband-cram,File,dr-a5t68p77a3,https://example.org/cam-testdata/small/File/s01-f0012-proband-cram
small/File/s01-f0012-proband-cram#MS:1000568,HashDigest,897388706,
small/File/s02-clinical,File,dr-lix3bceyj5,https://example.org/cam-testdata/small/File/s02-clinical
small/File/s02-clinical#MS:1000568,HashDigest,564956558,
small/File/s02-f0001-proband-cram,File,dr-gfqyfal0g4,https://example.org/cam-testdata/small/File/s02-f0001-proband-cram
small/File/s02-f0001-proband-cram#MS:1000568,HashDigest,1713912543,
small/File/s02-f0002-father-cram,File,dr-6rz35r1dcn,https://example.org/cam-testdata/small/File/s02-f0002-father-cram
small/File/s02-f0002-father-cram#MS:1000568,HashDigest,998471853,
small/File/s02-f0002-joint-vcf,File,dr-9gn7m31rwj,https://example.org/cam-testdata/small/File/s02-f0002-joint-vcf
small/File/s02-f0002-joint-vcf#MS:1000568,HashDigest,918934343,
small/File/s02-f0002-mother-cram,File,dr-l4caxcumdx,https://example.org/cam-testdata/small/File/s02-f0002-mother-cram
small/File/s02-f0002-mother-cram#MS:1000568,HashDigest,1310446253,
small/File/s02-f0002-mother-cram#MS:1000569,HashDigest,1134906529,
small/File/s02-f0002-proband-cram,File,dr-zmk9npxmdg,https://example.org/cam-testdata/small/File/s02-f0002-proband-cram
small/File/s02-f0002-proband-cram#MS:1000568,HashDigest,73171820,
small/File/s02-f0003-father-cram,File,dr-wyy6htjq29,https://example.org/cam-testdata/small/File/s02-f0003-father-cram
small/File/s02-f0003-father-cram#MS:1000568,HashDigest,1590602476,
small/File/s02-f0003-proband-cram,File,dr-czqmekc4k9,https://example.org/cam-testdata/small/File/s02-f0003-proband-cram
small/File/s02-f0003-proband-cram#MS:1000568,HashDigest,818513915,
small/File/s02-f0004-father-cram,File,dr-7cmrrchrb2,https://example.org/cam-testdata/small/File/s02-f0004-father-cram
small/File/s02-f0004-father-cram#MS:1000568,HashDigest,610082337,
small/File/s02-f0004-joint-vcf,File,dr-u9la8l8rae,https://example.org/cam-testdata/small/File/s02-f0004-joint-vcf
small/File/s02-f0004-joint-vcf#MS:1000568,HashDigest,1544623169,
small/File/s02-f0004-proband-cram,File,dr-vqp87va56v,https://example.org/cam-testdata/small/File/s02-f0004-proband-cram
small/File/s02-f0004-proband-cram#MS:1000568,HashDigest,549134048,
small/File/s02-f0004-proband-cram#MS:1000569,HashDigest,953888607,
small/File/s02-f0005-proband-cram,File,dr-nt2q04ykzv,https://example.org/cam-testdata/small/File/s02-f0005-proband-cram
small/File/s02-f0005-proband-cram#MS:1000568,HashDigest,1456863985,
small/File/s02-f0006-proband-cram,File,dr-wjooqqfn1g,https://example.org/cam-testdata/small/File/s02-f0006-proband-cram
small/File/s02-f0006-proband-cram#MS:1000568,HashDigest,526448442,
small/File/s02-f0006-proband-cram#MS:1000569,HashDigest,226023833,
small/File/s02-f0008-proband-cram,File,dr-dv899gzt40,https://example.org/cam-testdata/small/File/s02-f0008-proband-cram
small/File/s02-f0008-proband-cram#MS:1000568,HashDigest,100398029,
small/File/s02-f0009-father-cram,File,dr-ko8n1f4o85,https://example.org/cam-testdata/small/File/s02-f0009-father-cram
small/File/s02-f0009-father-cram#MS:1000568,HashDigest,253728629,
small/File/s02-f0010-proband-cram,File,dr-q8dppwlx74,https://example.org/cam-testdata/small/File/s02-f0010-proband-cram
small/File/s02-f0010-proband-cram#MS:1000568,HashDigest,1448894435,
small/File/s02-f0011-father-cram,File,dr-jttmffjdeu,https://example.org/cam-testdata/small/File/s02-f0011-father-cram
small/File/s02-f0011-father-cram#MS:1000568,HashDigest,1857147887,
small/File/s02-f0012-father-cram,File,dr-am7lr2y8ef,https://example.org/cam-testdata/small/File/s02-f0012-father-cram
small/File/s02-f0012-father-cram#MS:1000568,HashDigest,2648435,
small/File/s02-f0012-joint-vcf,File,dr-pl4h7luiyj,https://example.org/cam-testdata/small/File/s02-f0012-joint-vcf
small/File/s02-f0012-joint-vcf#MS:1000568,HashDigest,884686414,
small/File/s02-f0012-mother-cram,File,dr-rthti3h8qh,https://example.org/cam-testdata/small/File/s02-f0012-mother-cram
small/File/s02-f0012-mother-cram#MS:1000568,HashDigest,241957505,
small/File/s02-f0012-proband-cram,File,dr-kxejd1xust,https://example.org/cam-testdata/small/File/s02-f0012-proband-cram
small/File/s02-f0012-proband-cram#MS:1000568,HashDigest,501180582,
small/Investigator/s01-contact,Investigator,1474227128,https://example.org/cam-testdata/small/Investigator/s01-contact
small/Investigator/s01-pi,Investigator,191685718,https://example.org/cam-testdata/small/Investigator/s01-pi
small/Investigator/s02-contact,Investigator,1864588521,https://example.org/cam-testdata/small/Investigator/s02-contact
small/Investigator/s02-pi,Investigator,126719377,https://example.org/cam-testdata/small/Investigator/s02-pi
small/Publication/s01-pub1,Publication,875054195,https://example.org/cam-testdata/small/Publication/s01-pub1
small/Publication/s02-pub1,Publication,1999918431,https://example.org/cam-testdata/small/Publication/s02-pub1
small/Sample/s01-f0002-mother-blood,Sample,bs-gv857swx92,https://example.org/cam-testdata/small/Sample/s01-f0002-mother-blood
small/Sample/s01-f0002-mother-dna,Sample,bs-fpd4arpkia,https://example.org/cam-testdata/small/Sample/s01-f0002-mother-dna
small/Sample/s01-f0002-proband-blood,Sample,bs-8w1pmyml8t,https://example.org/cam-testdata/small/Sample/s01-f0002-proband-blood
small/Sample/s01-f0002-proband-dna,Sample,bs-mkwfg60t6o,https://example.org/cam-testdata/small/Sample/s01-f0002-proband-dna
small/Sample/s01-f0003-proband-blood,Sample,bs-9tgznswrol,https://example.org/cam-testdata/small/Sample/s01-f0003-proband-blood
small/Sample/s01-f0003-proband-dna,Sample,bs-bm46zush6y,https://example.org/cam-testdata/small/Sample/s01-f0003-proband-dna
small/Sample/s01-f0004-father-blood,Sample,bs-88e72vfn35,https://example.org/cam-testdata/small/Sample/s01-f0004-father-blood
small/Sample/s01-f0004-proband-blood,Sample,bs-puia6w6tod,https://example.org/cam-testdata/small/Sample/s01-f0004-proband-blood
small/Sample/s01-f0004-proband-dna,Sample,bs-4ez6za4vnj,https://example.org/cam-testdata/small/Sample/s01-f0004-proband-dna
small/Sample/s01-f0006-father-blood,Sample,bs-mmwh4u6xgb,https://example.org/cam-testdata/small/Sample/s01-f0006-father-blood
small/Sample/s01-f0006-father-dna,Sample,bs-po7nbit95v,https://example.org/cam-testdata/small/Sample/s01-f0006-father-dna
small/Sample/s01-f0006-proband-blood,Sample,bs-njlq69izu4,https://example.org/cam-testdata/small/Sample/s01-f0006-proband-blood
small/Sample/s01-f0008-proband-blood,Sample,bs-4b9ztjfcp5,https://example.org/cam-testdata/small/Sample/s01-f0008-proband-blood
small/Sample/s01-f0008-proband-dna,Sample,bs-3cqvhqxu4b,https://example.org/cam-testdata/small/Sample/s01-f0008-proband-dna
small/Sample/s01-f0009-proband-blood,Sample,bs-v2lr3u155f,https://example.org/cam-testdata/small/Sample/s01-f0009-proband-blood
small/Sample/s01-f0009-proband-dna,Sample,bs-ienhf20njw,https://example.org/cam-testdata/small/Sample/s01-f0009-proband-dna
small/Sample/s01-f0010-mother-blood,Sample,bs-fryz5wjfh3,https://example.org/cam-testdata/small/Sample/s01-f0010-mother-blood
small/Sample/s01-f0011-father-blood,Sample,bs-be24j2t4up,https://example.org/cam-testdata/small/Sample/s01-f0011-father-blood
small/Sample/s01-f0011-father-dna,Sample,bs-y341t447ov,https://example.org/cam-testdata/small/Sample/s01-f0011-father-dna
small/Sample/s01-f0011-mother-blood,Sample,bs-xfa4h8iruu,https://example.org/cam-testdata/small/Sample/s01-f0011-mother-blood
small/Sample/s01-f0011-mother-dna,Sample,bs-21qpxwci7x,https://example.org/cam-testdata/small/Sample/s01-f0011-mother-dna
small/Sample/s01-f0011-proband-blood,Sample,bs-3d9plqby6e,https://example.org/cam-testdata/small/Sample/s01-f0011-proband-blood
small/Sample/s01-f0011-proband-dna,Sample,bs-i68v99tbwy,https://example.org/cam-testdata/small/Sample/s01-f0011-proband-dna
small/Sample/s01-f0012-proband-blood,Sample,bs-q5a6b9u1zn,https://example.org/cam-testdata/small/Sample/s01-f0012-proband-blood
small/Sample/s01-f0012-proband-dna,Sample,bs-20483amku9,https://example.org/cam-testdata/small/Sample/s01-f0012-proband-dna
small/Sample/s02-f0001-proband-blood,Sample,bs-79nfayxcy4,https://example.org/cam-testdata/small/Sample/s02-f0001-proband-blood
small/Sample/s02-f0001-proband-dna,Sample,bs-ownnxjyr9y,https://example.org/cam-testdata/small/Sample/s02-f0001-proband-dna
small/Sample/s02-f0002-father-blood,Sample,bs-n0rtotub0w,https://example.org/cam-testdata/small/Sample/s02-f0002-father-blood
small/Sample/s02-f0002-father-dna,Sample,bs-zznq3y70wq,https://example.org/cam-testdata/small/Sample/s02-f0002-father-dna
small/Sample/s02-f0002-mother-blood,Sample,bs-zgjm1sylgy,https://example.org/cam-testdata/small/Sample/s02-f0002-mother-blood
small/Sample/s02-f0002-mother-dna,Sample,bs-aq1hmsfl13,https://example.org/cam-testdata/small/Sample/s02-f0002-mother-dna
small/Sample/s02-f0002-proband-blood,Sample,bs-8r09gjn2f4,https://example.org/cam-testdata/small/Sample/s02-f0002-proband-blood
small/Sample/s02-f0002-proband-dna,Sample,bs-xl9a6llxio,https://example.org/cam-testdata/small/Sample/s02-f0002-proband-dna
small/Sample/s02-f0003-father-blood,Sample,bs-raisncggcv,https://example.org/cam-testdata/small/Sample/s02-f0003-father-blood
small/Sample/s02-f0003-father-dna,Sample,bs-8oa86ma9ot,https://example.org/cam-testdata/small/Sample/s02-f0003-father-dna
small/Sample/s02-f0003-mother-blood,Sample,bs-z08ja02mb2,https://example.org/cam-testdata/small/Sample/s02-f0003-mother-blood
small/Sample/s02-f0003-mother-dna,Sample,bs-pzhds8cdc8,https://example.org/cam-testdata/small/Sample/s02-f0003-mother-dna
small/Sample/s02-f0003-proband-blood,Sample,bs-8yrxmmgyc3,https://example.org/cam-testdata/small/Sample/s02-f0003-proband-blood
small/Sample/s02-f0003-proband-dna,Sample,bs-7i4ai02qm7,https://example.org/cam-testdata/small/Sample/s02-f0003-proband-dna
small/Sample/s02-f0004-father-blood,Sample,bs-lvyp2a2swe,https://example.org/cam-testdata/small/Sample/s02-f0004-father-blood
small/Sample/s02-f0004-father-dna,Sample,bs-4738chr6tm,https://example.org/cam-testdata/small/Sample/s02-f0004-father-dna
small/Sample/s02-f0004-proband-blood,Sample,bs-mff31jzxtq,https://example.org/cam-testdata/small/Sample/s02-f0004-proband-blood
small/Sample/s02-f0004-proband-dna,Sample,bs-08dyug60bv,https://example.org/cam-testdata/small/Sample/s02-f0004-proband-dna
small/Sample/s02-f0005-proband-blood,Sample,bs-9c1grrlh6a,https://example.org/cam-testdata/small/Sample/s02-f0005-proband-blood
small/Sample/s02-f0005-proband-dna,Sample,bs-5rgzjle102,https://example.org/cam-testdata/small/Sample/s02-f0005-proband-dna
small/Sample/s02-f0006-proband-blood,Sample,bs-5yjg25ca69,https://example.org/cam-testdata/small/Sample/s02-f0006-proband-blood
small/Sample/s02-f0006-proband-dna,Sample,bs-o1smndjojs,https://example.org/cam-testdata/small/Sample/s02-f0006-proband-dna
small/Sample/s02-f0008-proband-blood,Sample,bs-p6nwre1wat,https://example.org/cam-testdata/small/Sample/s02-f0008-proband-blood
small/Sample/s02-f0008-proband-dna,Sample,bs-pu48nhp9on,https://example.org/cam-testdata/small/Sample/s02-f0008-proband-dna
small/Sample/s02-f0009-father-blood,Sample,bs-6jmtt7z870,https://example.org/cam-testdata/small/Sample/s02-f0009-father-blood
small/Sample/s02-f0009-father-dna,Sample,bs-k29u6tlui0,https://example.org/cam-testdata/small/Sample/s02-f0009-father-dna
small/Sample/s02-f0010-proband-blood,Sample,bs-fgxpylqpw2,https://example.org/cam-testdata/small/Sample/s02-f0010-proband-blood
small/Sample/s02-f0010-proband-dna,Sample,bs-qm0dlp7ik5,https://example.org/cam-testdata/small/Sample/s02-f0010-proband-dna
small/Sample/s02-f0011-father-blood,Sample,bs-0qv6n0y2td,https://example.org/cam-testdata/small/Sample/s02-f0011-father-blood
small/Sample/s02-f0011-father-dna,Sample,bs-x12ulavrim,https://example.org/cam-testdata/small/Sample/s02-f0011-father-dna
small/Sample/s02-f0011-proband-blood,Sample,bs-wjfv7ftvkq,https://example.org/cam-testdata/small/Sample/s02-f0011-proband-blood
small/Sample/s02-f0011-proband-dna,Sample,bs-tx6bnw1a0x,https://example.org/cam-testdata/small/Sample/s02-f0011-proband-dna
small/Sample/s02-f0012-father-blood,Sample,bs-q2nqh2kir8,https://example.org/cam-testdata/small/Sample/s02-f0012-father-blood
small/Sample/s02-f0012-father-dna,Sample,bs-c9m3animcq,https://example.org/cam-testdata/small/Sample/s02-f0012-father-dna
small/Sample/s02-f0012-mother-blood,Sample,bs-v2rl9yqchx,https://example.org/cam-testdata/small/Sample/s02-f0012-mother-blood
small/Sample/s02-f0012-mother-dna,Sample,bs-debyobor67,https://example.org/cam-testdata/small/Sample/s02-f0012-mother-dna
small/Sample/s02-f0012-proband-blood,Sample,bs-8ki6aqj1ye,https://example.org/cam-testdata/small/Sample/s02-f0012-proband-blood
small/Sample/s02-f0012-proband-dna,Sample,bs-qfaoo63s3j,https://example.org/cam-testdata/small/Sample/s02-f0012-proband-dna
small/Study/s01,Study,sd-3s8wpdnf71,https://example.org/cam-testdata/small/Study/s01
small/Study/s02,Study,sd-2lx98atcp0,https://example.org/cam-testdata/small/Study/s02
small/StudyMetadata/s01,StudyMetadata,sd-3s8wpdnf71,https://example.org/cam-testdata/small/StudyMetadata/s01
small/StudyMetadata/s02,StudyMetadata,sd-2lx98atcp0,https://example.org/cam-testdata/small/StudyMetadata/s02
small/Subject/s01-f0001-proband,Subject,pt-lo3ubn20z3,https://example.org/cam-testdata/small/Subject/s01-f0001-proband
small/Subject/s01-f0002-father,Subject,pt-223dzfx7g4,https://example.org/cam-testdata/small/Subject/s01-f0002-father
small/Subject/s01-f0002-mother,Subject,pt-rxqwqab2pf,https://example.org/cam-testdata/small/Subject/s01-f0002-mother
small/Subject/s01-f0002-proband,Subject,pt-p8lz6kia0j,https://example.org/cam-testdata/small/Subject/s01-f0002-proband
small/Subject/s01-f0003-proband,Subject,pt-xoyf6cflcc,https://example.org/cam-testdata/small/Subject/s01-f0003-proband
small/Subject/s01-f0004-father,Subject,pt-sdhpmoh9yq,https://example.org/cam-testdata/small/Subject/s01-f0004-father
small/Subject/s01-f0004-mother,Subject,pt-a15eslmrz3,https://example.org/cam-testdata/small/Subject/s01-f0004-mother
small/Subject/s01-f0004-proband,Subject,pt-x2oc43ni3s,https://example.org/cam-testdata/small/Subject/s01-f0004-proband
small/Subject/s01-f0005-proband,Subject,pt-ju11ude3rq,https://example.org/cam-testdata/small/Subject/s01-f0005-proband
small/Subject/s01-f0006-father,Subject,pt-9gk8jq9c8a,https://example.org/cam-testdata/small/Subject/s01-f0006-father
small/Subject/s01-f0006-mother,Subject,pt-3746e85sta,https://example.org/cam-testdata/small/Subject/s01-f0006-mother
small/Subject/s01-f0006-proband,Subject,pt-oic36wj8i0,https://example.org/cam-testdata/small/Subject/s01-f0006-proband
small/Subject/s01-f0007-proband,Subject,pt-sv38knyk22,https://example.org/cam-testdata/small/Subject/s01-f0007-proband
small/Subject/s01-f0008-proband,Subject,pt-89rj8wzflm,https://example.org/cam-testdata/small/Subject/s01-f0008-proband
small/Subject/s01-f0009-proband,Subject,pt-ti0pzgxycp,https://example.org/cam-testdata/small/Subject/s01-f0009-proband
small/Subject/s01-f0010-father,Subject,pt-72iwinqiw2,https://example.org/cam-testdata/small/Subject/s01-f0010-father
small/Subject/s01-f0010-mother,Subject,pt-m9q9s4y6en,https://example.org/cam-testdata/small/Subject/s01-f0010-mother
small/Subject/s01-f0010-proband,Subject,pt-onkaogf9n1,https://example.org/cam-testdata/small/Subject/s01-f0010-proband
small/Subject/s01-f0011-father,Subject,pt-p9wydbuq5q,https://example.org/cam-testdata/small/Subject/s01-f0011-father
small/Subject/s01-f0011-mother,Subject,pt-455yp3stzr,https://example.org/cam-testdata/small/Subject/s01-f0011-mother
small/Subject/s01-f0011-proband,Subject,pt-e1qowyg6qe,https://example.org/cam-testdata/small/Subject/s01-f0011-proband
small/Subject/s01-f0012-proband,Subject,pt-z07ixekmp1,https://example.org/cam-testdata/small/Subject/s01-f0012-proband
small/Subject/s01-f0012-sibling,Subject,pt-k6m1krw8rg,https://example.org/cam-testdata/small/Subject/s01-f0012-sibling
small/Subject/s02-f0001-father,Subject,pt-t3ll8jhskm,https://example.org/cam-testdata/small/Subject/s02-f0001-father
small/Subject/s02-f0001-mother,Subject,pt-q5abjhzige,https://example.org/cam-testdata/small/Subject/s02-f0001-mother
small/Subject/s02-f0001-proband,Subject,pt-r22hejnzwv,https://example.org/cam-testdata/small/Subject/s02-f0001-proband
small/Subject/s02-f0002-father,Subject,pt-undm70vrd3,https://example.org/cam-testdata/small/Subject/s02-f0002-father
small/Subject/s02-f0002-mother,Subject,pt-0y0gjl36rz,https://example.org/cam-testdata/small/Subject/s02-f0002-mother
small/Subject/s02-f0002-proband,Subject,pt-l98koluj11,https://example.org/cam-testdata/small/Subject/s02-f0002-proband
small/Subject/s02-f0003-father,Subject,pt-6vj8yjqt9f,https://example.org/cam-testdata/small/Subject/s02-f0003-father
small/Subject/s02-f0003-mother,Subject,pt-2tcvf9d0mr,https://example.org/cam-testdata/small/Subject/s02-f0003-mother
small/Subject/s02-f0003-proband,Subject,pt-9mylk1ozmd,https://example.org/cam-testdata/small/Subject/s02-f0003-proband
small/Subject/s02-f0004-father,Subject,pt-yuolgzovn5,https://example.org/cam-testdata/small/Subject/s02-f0004-father
small/Subject/s02-f0004-mother,Subject,pt-0mz8ptoiqy,https://example.org/cam-testdata/small/Subject/s02-f0004-mother
small/Subject/s02-f0004-proband,Subject,pt-tyk26seuny,https://example.org/cam-testdata/small/Subject/s02-f0004-proband
small/Subject/s02-f0005-proband,Subject,pt-vvn9rj70ad,https://example.org/cam-testdata/small/Subject/s02-f0005-proband
small/Subject/s02-f0005-sibling,Subject,pt-op1524v7uh,https://example.org/cam-testdata/small/Subject/s02-f0005-sibling
small/Subject/s02-f0006-mother,Subject,pt-ljv5blx4vb,https://example.org/cam-testdata/small/Subject/s02-f0006-mother
small/Subject/s02-f0006-proband,Subject,pt-pkqb7v1zxd,https://example.org/cam-testdata/small/Subject/s02-f0006-proband
small/Subject/s02-f0007-proband,Subject,pt-0yxamgf21w,https://example.org/cam-testdata/small/Subject/s02-f0007-proband
small/Subject/s02-f0008-proband,Subject,pt-fhfb8mfhx3,https://example.org/cam-testdata/small/Subject/s02-f0008-proband
small/Subject/s02-f0009-father,Subject,pt-r8x9pj0tys,https://example.org/cam-testdata/small/Subject/s02-f0009-father
small/Subject/s02-f0009-mother,Subject,pt-1ohce2h4jo,https://example.org/cam-testdata/small/Subject/s02-f0009-mother
small/Subject/s02-f0009-proband,Subject,pt-hmejx0uz9s,https://example.org/cam-testdata/small/Subject/s02-f0009-proband
small/Subject/s02-f0010-mother,Subject,pt-2px245swmn,https://example.org/cam-testdata/small/Subject/s02-f0010-mother
small/Subject/s02-f0010-proband,Subject,pt-2qhnztec9g,https://example.org/cam-testdata/small/Subject/s02-f0010-proband
small/Subject/s02-f0011-father,Subject,pt-3heturwy6c,https://example.org/cam-testdata/small/Subject/s02-f0011-father
small/Subject/s02-f0011-mother,Subject,pt-8737trkhec,https://example.org/cam-testdata/small/Subject/s02-f0011-mother
small/Subject/s02-f0011-proband,Subject,pt-54i7xpb3so,https://example.org/cam-testdata/small/Subject/s02-f0011-proband
small/Subject/s02-f0012-father,Subject,pt-j86rjc1yiy,https://example.org/cam-testdata/small/Subject/s02-f0012-father
small/Subject/s02-f0012-mother,Subject,pt-wjcidufzz8,https://example.org/cam-testdata/small/Subject/s02-f0012-mother
small/Subject/s02-f0012-proband,Subject,pt-f39hc6n8dq,https://example.org/cam-testdata/small/Subject/s02-f0012-proband
small/SubjectAssertion/s01-f0001-proband-a1,SubjectAssertion,ob-2o9t6ziazg,https://example.org/cam-testdata/small/SubjectAssertion/s01-f0001-proband-a1
small/SubjectAssertion/s01-f0002-father-a1,SubjectAssertion,ob-htk7avml6x,https://example.org/cam-testdata/small/SubjectAssertion/s01-f0002-father-a1
small/SubjectAssertion/s01-f0002-father-a2,SubjectAssertion,ob-wuv1f67ft6,https://example.org/cam-testdata/small/SubjectAssertion/s01-f0002-father-a2
small/SubjectAssertion/s01-f0002-mother-a1,SubjectAssertion,ob-8hq7l06k88,https://example.org/cam-testdata/small/SubjectAssertion/s01-f0002-mother-a1
small/SubjectAssertion/s01-f0002-mother-a2,SubjectAssertion,ob-q11pz25xjt,https://example.org/cam-testdata/small/SubjectAssertion/s01-f0002-mother-a2
small/SubjectAssertion/s01-f0002-proband-a1,SubjectAssertion,ob-0s0uft0zh1,https://example.org/cam-testdata/small/SubjectAssertion/s01-f0002-proband-a1
small/SubjectAssertion/s01-f0002-proband-a2,SubjectAssertion,ob-ypnbvvn2kj,https://example.org/cam-testdata/small/SubjectAssertion/s01-f0002-proband-a2
small/SubjectAssertion/s01-f0002-proband-a3,SubjectAssertion,ob-irbaooji7l,https://example.org/cam-testdata/small/SubjectAssertion/s01-f0002-proband-a3
small/SubjectAssertion/s01-f0002-proband-a4,SubjectAssertion,ob-5gf0na3qx6,https://example.org/cam-testdata/small/SubjectAssertion/s01-f0002-proband-a4
small/SubjectAssertion/s01-f0003-proband-a1,SubjectAssertion,ob-yi5ioecqje,https://example.org/cam-testdata/small/SubjectAssertion/s01-f0003-proband-a1
small/SubjectAssertion/s01-f0004-father-a1,SubjectAssertion,ob-a1mdiqw21i,https://example.org/cam-testdata/small/SubjectAssertion/s01-f0004-father-a1
small/SubjectAssertion/s01-f0004-father-a2,SubjectAssertion,ob-fek3o3rksv,https://example.org/cam-testdata/small/SubjectAssertion/s01-f0004-father-a2
small/SubjectAssertion/s01-f0004-father-a3,SubjectAssertion,ob-9ok8np4pct,https://example.org/cam-testdata/small/SubjectAssertion/s01-f0004-father-a3
small/SubjectAssertion/s01-f0004-father-a4,SubjectAssertion,ob-4r9dxkahf2,https://example.org/cam-testdata/small/SubjectAssertion/s01-f0004-father-a4
small/SubjectAssertion/s01-f0004-father-a5,SubjectAssertion,ob-jraowe8b90,https://example.org/cam-testdata/small/SubjectAssertion/s01-f0004-father-a5
small/SubjectAssertion/s01-f0004-father-a6,SubjectAssertion,ob-zlpaom14md,https://example.org/cam-testdata/small/SubjectAssertion/s01-f0004-father-a6
small/SubjectAssertion/s01-f0004-proband-a1,SubjectAssertion,ob-xa73tbpyx3,https://example.org/cam-testdata/small/SubjectAssertion/s01-f0004-proband-a1
small/SubjectAssertion/s01-f0004-proband-a2,SubjectAssertion,ob-ol5qernx3h,https://example.org/cam-testdata/small/SubjectAssertion/s01-f0004-proband-a2
small/SubjectAssertion/s01-f0006-mother-a1,SubjectAssertion,ob-15cq2qptkv,https://example.org/cam-testdata/small/SubjectAssertion/s01-f0006-mother-a1
small/SubjectAssertion/s01-f0006-mother-a2,SubjectAssertion,ob-nikc1k9awp,https://example.org/cam-testdata/small/SubjectAssertion/s01-f0006-mother-a2
small/SubjectAssertion/s01-f0006-mother-a3,SubjectAssertion,ob-mu4skpipg9,https://example.org/cam-testdata/small/SubjectAssertion/s01-f0006-mother-a3
small/SubjectAssertion/s01-f0006-mother-a4,SubjectAssertion,ob-zonwncqlsv,https://example.org/cam-testdata/small/SubjectAssertion/s01-f0006-mother-a4
small/SubjectAssertion/s01-f0006-proband-a1,SubjectAssertion,ob-07v25k1nxc,https://example.org/cam-testdata/small/SubjectAssertion/s01-f0006-proband-a1
small/SubjectAssertion/s01-f0007-proband-a1,SubjectAssertion,ob-56cuke5l8x,https://example.org/cam-testdata/small/SubjectAssertion/s01-f0007-proband-a1
small/SubjectAssertion/s01-f0007-proband-a2,SubjectAssertion,ob-0zq5rwg1js,https://example.org/cam-testdata/small/SubjectAssertion/s01-f0007-proband-a2
small/SubjectAssertion/s01-f0007-proband-a3,SubjectAssertion,ob-0okceq8gjg,https://example.org/cam-testdata/small/SubjectAssertion/s01-f0007-proband-a3
small/SubjectAssertion/s01-f0008-proband-a1,SubjectAssertion,ob-jj27upzz1q,https://example.org/cam-testdata/small/SubjectAssertion/s01-f0008-proband-a1
small/SubjectAssertion/s01-f0008-proband-a2,SubjectAssertion,ob-0r346kcct6,https://example.org/cam-testdata/small/SubjectAssertion/s01-f0008-proband-a2
small/SubjectAssertion/s01-f0009-proband-a1,SubjectAssertion,ob-8vpra2ayrg,https://example.org/cam-testdata/small/SubjectAssertion/s01-f0009-proband-a1
small/SubjectAssertion/s01-f0009-proband-a2,SubjectAssertion,ob-ycsswekqji,https://example.org/cam-testdata/small/SubjectAssertion/s01-f0009-proband-a2
small/SubjectAssertion/s01-f0010-father-a1,SubjectAssertion,ob-5ocwif8f7h,https://example.org/cam-testdata/small/SubjectAssertion/s01-f0010-father-a1
small/SubjectAssertion/s01-f0010-proband-a1,SubjectAssertion,ob-sq9wxvt5qd,https://example.org/cam-testdata/small/SubjectAssertion/s01-f0010-proband-a1
small/SubjectAssertion/s01-f0010-proband-a2,SubjectAssertion,ob-sulm1z02ef,https://example.org/cam-testdata/small/SubjectAssertion/s01-f0010-proband-a2
small/SubjectAssertion/s01-f0011-father-a1,SubjectAssertion,ob-lex7fimy1n,https://example.org/cam-testdata/small/SubjectAssertion/s01-f0011-father-a1
small/SubjectAssertion/s01-f0011-father-a2,SubjectAssertion,ob-19oq3nxuu5,https://example.org/cam-testdata/small/SubjectAssertion/s01-f0011-father-a2
small/SubjectAssertion/s01-f0011-mother-a1,SubjectAssertion,ob-xzea0tg5nn,https://example.org/cam-testdata/small/SubjectAssertion/s01-f0011-mother-a1
small/SubjectAssertion/s01-f0011-proband-a1,SubjectAssertion,ob-f01pyvexdh,https://example.org/cam-testdata/small/SubjectAssertion/s01-f0011-proband-a1
small/SubjectAssertion/s01-f0011-proband-a2,SubjectAssertion,ob-u2sp9zacus,https://example.org/cam-testdata/small/SubjectAssertion/s01-f0011-proband-a2
small/SubjectAssertion/s01-f0012-proband-a1,SubjectAssertion,ob-g0px7jqssh,https://example.org/cam-testdata/small/SubjectAssertion/s01-f0012-proband-a1
small/SubjectAssertion/s02-f0001-father-a1,SubjectAssertion,ob-esjw78dqrh,https://example.org/cam-testdata/small/SubjectAssertion/s02-f0001-father-a1
small/SubjectAssertion/s02-f0001-mother-a1,SubjectAssertion,ob-43ksy5k8qe,https://example.org/cam-testdata/small/SubjectAssertion/s02-f0001-mother-a1
small/SubjectAssertion/s02-f0001-mother-a2,SubjectAssertion,ob-2th1055nmz,https://example.org/cam-testdata/small/SubjectAssertion/s02-f0001-mother-a2
small/SubjectAssertion/s02-f0001-proband-a1,SubjectAssertion,ob-a8n11ck7py,https://example.org/cam-testdata/small/SubjectAssertion/s02-f0001-proband-a1
small/SubjectAssertion/s02-f0001-proband-a2,SubjectAssertion,ob-eq5hugzgbc,https://example.org/cam-testdata/small/SubjectAssertion/s02-f0001-proband-a2
small/SubjectAssertion/s02-f0002-father-a1,SubjectAssertion,ob-1gkfv4658t,https://example.org/cam-testdata/small/SubjectAssertion/s02-f0002-father-a1
small/SubjectAssertion/s02-f0002-mother-a1,SubjectAssertion,ob-tyjzteh4t3,https://example.org/cam-testdata/small/SubjectAssertion/s02-f0002-mother-a1
small/SubjectAssertion/s02-f0002-mother-a2,SubjectAssertion,ob-h2qtdap1m7,https://example.org/cam-testdata/small/SubjectAssertion/s02-f0002-mother-a2
small/SubjectAssertion/s02-f0002-mother-a3,SubjectAssertion,ob-r0xke2o5t0,https://example.org/cam-testdata/small/SubjectAssertion/s02-f0002-mother-a3
small/SubjectAssertion/s02-f0002-mother-a4,SubjectAssertion,ob-6lmo0ess49,https://example.org/cam-testdata/small/SubjectAssertion/s02-f0002-mother-a4
small/SubjectAssertion/s02-f0002-mother-a5,SubjectAssertion,ob-nj8g6isnrb,https://example.org/cam-testdata/small/SubjectAssertion/s02-f0002-mother-a5
small/SubjectAssertion/s02-f0002-proband-a1,SubjectAssertion,ob-e1rrc4zryl,https://example.org/cam-testdata/small/SubjectAssertion/s02-f0002-proband-a1
small/SubjectAssertion/s02-f0003-father-a1,SubjectAssertion,ob-z5aoibr9md,https://example.org/cam-testdata/small/SubjectAssertion/s02-f0003-father-a1
small/SubjectAssertion/s02-f0003-mother-a1,SubjectAssertion,ob-lvr7yp042d,https://example.org/cam-testdata/small/SubjectAssertion/s02-f0003-mother-a1
small/SubjectAssertion/s02-f0003-mother-a2,SubjectAssertion,ob-rql34wy0vs,https://example.org/cam-testdata/small/SubjectAssertion/s02-f0003-mother-a2
small/SubjectAssertion/s02-f0003-proband-a1,SubjectAssertion,ob-2j4z228mgu,https://example.org/cam-testdata/small/SubjectAssertion/s02-f0003-proband-a1
small/SubjectAssertion/s02-f0004-father-a1,SubjectAssertion,ob-5zzox8519x,https://example.org/cam-testdata/small/SubjectAssertion/s02-f0004-father-a1
small/SubjectAssertion/s02-f0004-mother-a1,SubjectAssertion,ob-nq4g3evmuk,https://example.org/cam-testdata/small/SubjectAssertion/s02-f0004-mother-a1
small/SubjectAssertion/s02-f0004-proband-a1,SubjectAssertion,ob-y6owd4p9jf,https://example.org/cam-testdata/small/SubjectAssertion/s02-f0004-proband-a1
small/SubjectAssertion/s02-f0004-proband-a2,SubjectAssertion,ob-ubrbx6q6xi,https://example.org/cam-testdata/small/SubjectAssertion/s02-f0004-proband-a2
small/SubjectAssertion/s02-f0005-proband-a1,SubjectAssertion,ob-u3cv6g91yn,https://example.org/cam-testdata/small/SubjectAssertion/s02-f0005-proband-a1
small/SubjectAssertion/s02-f0006-mother-a1,SubjectAssertion,ob-bivhr56z0q,https://example.org/cam-testdata/small/SubjectAssertion/s02-f0006-mother-a1
small/SubjectAssertion/s02-f0006-mother-a2,SubjectAssertion,ob-cuc7ut368f,https://example.org/cam-testdata/small/SubjectAssertion/s02-f0006-mother-a2
small/SubjectAssertion/s02-f0006-proband-a1,SubjectAssertion,ob-0e6mj0pur7,https://example.org/cam-testdata/small/SubjectAssertion/s02-f0006-proband-a1
small/SubjectAssertion/s02-f0006-proband-a2,SubjectAssertion,ob-fquhcpaw0s,https://example.org/cam-testdata/small/SubjectAssertion/s02-f0006-proband-a2
small/SubjectAssertion/s02-f0006-proband-a3,SubjectAssertion,ob-o77ffqj9yp,https://example.org/cam-testdata/small/SubjectAssertion/s02-f0006-proband-a3
small/SubjectAssertion/s02-f0007-proband-a1,SubjectAssertion,ob-5df8ksfbaj,https://example.org/cam-testdata/small/SubjectAssertion/s02-f0007-proband-a1
small/SubjectAssertion/s02-f0009-father-a1,SubjectAssertion,ob-iw1m17fhef,https://example.org/cam-testdata/small/SubjectAssertion/s02-f0009-father-a1
small/SubjectAssertion/s02-f0009-father-a2,SubjectAssertion,ob-39ngxcctf0,https://example.org/cam-testdata/small/SubjectAssertion/s02-f0009-father-a2
small/SubjectAssertion/s02-f0009-father-a3,SubjectAssertion,ob-yap6f4l0fa,https://example.org/cam-testdata/small/SubjectAssertion/s02-f0009-father-a3
small/SubjectAssertion/s02-f0009-mother-a1,SubjectAssertion,ob-txfn4v2b9k,https://example.org/cam-testdata/small/SubjectAssertion/s02-f0009-mother-a1
small/SubjectAssertion/s02-f0009-mother-a2,SubjectAssertion,ob-2fu8tc9u3d,https://example.org/cam-testdata/small/SubjectAssertion/s02-f0009-mother-a2
small/SubjectAssertion/s02-f0009-proband-a1,SubjectAssertion,ob-uieesu2hpm,https://example.org/cam-testdata/small/SubjectAssertion/s02-f0009-proband-a1
small/SubjectAssertion/s02-f0009-proband-a2,SubjectAssertion,ob-xbt5jd77l3,https://example.org/cam-testdata/small/SubjectAssertion/s02-f0009-proband-a2
small/SubjectAssertion/s02-f0009-proband-a3,SubjectAssertion,ob-ptf2wu7x70,https://example.org/cam-testdata/small/SubjectAssertion/s02-f0009-proband-a3
small/SubjectAssertion/s02-f0009-proband-a4,SubjectAssertion,ob-cfpxagn5v4,https://example.org/cam-testdata/small/SubjectAssertion/s02-f0009-proband-a4
small/SubjectAssertion/s02-f0010-mother-a1,SubjectAssertion,ob-n8okp00pmo,https://example.org/cam-testdata/small/SubjectAssertion/s02-f0010-mother-a1
small/SubjectAssertion/s02-f0010-proband-a1,SubjectAssertion,ob-5sb1sy59d2,https://example.org/cam-testdata/small/SubjectAssertion/s02-f0010-proband-a1
small/SubjectAssertion/s02-f0010-proband-a2,SubjectAssertion,ob-whg2cuw90l,https://example.org/cam-testdata/small/SubjectAssertion/s02-f0010-proband-a2
small/SubjectAssertion/s02-f0010-proband-a3,SubjectAssertion,ob-941d3lg2xt,https://example.org/cam-testdata/small/SubjectAssertion/s02-f0010-proband-a3
small/SubjectAssertion/s02-f0010-proband-a4,SubjectAssertion,ob-zxkwmvdrni,https://example.org/cam-testdata/small/SubjectAssertion/s02-f0010-proband-a4
small/SubjectAssertion/s02-f0010-proband-a5,SubjectAssertion,ob-nyjs6o9qfw,https://example.org/cam-testdata/small/SubjectAssertion/s02-f0010-proband-a5
small/SubjectAssertion/s02-f0011-father-a1,SubjectAssertion,ob-cnrubgx669,https://example.org/cam-testdata/small/SubjectAssertion/s02-f0011-father-a1
small/SubjectAssertion/s02-f0011-mother-a1,SubjectAssertion,ob-5p6v69rwhm,https://example.org/cam-testdata/small/SubjectAssertion/s02-f0011-mother-a1
small/SubjectAssertion/s02-f0011-mother-a2,SubjectAssertion,ob-2t5wknpu1t,https://example.org/cam-testdata/small/SubjectAssertion/s02-f0011-mother-a2
small/SubjectAssertion/s02-f0011-proband-a1,SubjectAssertion,ob-vzkq4zuefe,https://example.org/cam-testdata/small/SubjectAssertion/s02-f0011-proband-a1
small/SubjectAssertion/s02-f0012-father-a1,SubjectAssertion,ob-3pczgmm2wt,https://example.org/cam-testdata/small/SubjectAssertion/s02-f0012-father-a1
small/SubjectAssertion/s02-f0012-mother-a1,SubjectAssertion,ob-3q1wqowbls,https://example.org/cam-testdata/small/SubjectAssertion/s02-f0012-mother-a1
small/SubjectAssertion/s02-f0012-mother-a2,SubjectAssertion,ob-fl2ptdrb84,https://example.org/cam-testdata/small/SubjectAssertion/s02-f0012-mother-a2
small/SubjectAssertion/s02-f0012-proband-a1,SubjectAssertion,ob-9wv520nakf,https://example.org/cam-testdata/small/SubjectAssertion/s02-f0012-proband-a1
small/SubjectAssertion/s02-f0012-proband-a2,SubjectAssertion,ob-5j07z09qcl,https://example.org/cam-testdata/small/SubjectAssertion/s02-f0012-proband-a2
small/SubjectAssertion/s02-f0012-proband-a3,SubjectAssertion,ob-64w3zhkcw3,https://example.org/cam-testdata/small/SubjectAssertion/s02-f0012-proband-a3
small/VirtualBiorepository/s01-vbr,VirtualBiorepository,or-gi4q7opjnl,https://example.org/cam-testdata/small/VirtualBiorepository/s01-vbr
small/VirtualBiorepository/s02-vbr,VirtualBiorepository,or-qldlz7ot0k,https://example.org/cam-testdata/small/VirtualBiorepository/s02-vbr
