Aliquot_aliquot_id,external_id
alq-0ngmouuyp2,https://example.org/cam-testdata/small/Aliquot/s02-f0011-father-dna-a1
alq-0viwbof506,https://example.org/cam-testdata/small/Aliquot/s01-f0008-proband-dna-a1
alq-16ss9qo29h,https://example.org/cam-testdata/small/Aliquot/s02-f0001-proband-dna-a1
alq-1v4p1q2610,https://example.org/cam-testdata/small/Aliquot/s01-f0010-mother-blood-a1
alq-22f1jtgs35,https://example.org/cam-testdata/small/Aliquot/s02-f0003-father-dna-a1
alq-2gjrrrb8tb,https://example.org/cam-testdata/small/Aliquot/s02-f0008-proband-blood-a1
alq-3o7ca8raq9,https://example.org/cam-testdata/small/Aliquot/s01-f0004-proband-dna-a1
alq-3pyyvmsble,https://example.org/cam-testdata/small/Aliquot/s02-f0002-proband-dna-a2
alq-3rbmj3ugmz,https://example.org/cam-testdata/small/Aliquot/s02-f0002-mother-dna-a1
alq-3rrahxyjz4,https://example.org/cam-testdata/small/Aliquot/s01-f0003-proband-dna-a1
alq-48z5i88lm8,https://example.org/cam-testdata/small/Aliquot/s01-f0003-proband-dna-a2
alq-4ka871rsb3,https://example.org/cam-testdata/small/Aliquot/s01-f0008-proband-blood-a2
alq-4m39ggckfz,https://example.org/cam-testdata/small/Aliquot/s02-f0005-proband-blood-a1
alq-4s96krmxka,https://example.org/cam-testdata/small/Aliquot/s02-f0006-proband-blood-a2
alq-4ts63cwefo,https://example.org/cam-testdata/small/Aliquot/s01-f0011-mother-dna-a2
alq-4vlwadvloh,https://example.org/cam-testdata/small/Aliquot/s02-f0004-proband-blood-a2
alq-54m59kizhx,https://example.org/cam-testdata/small/Aliquot/s02-f0011-proband-blood-a2
alq-5aksfh520m,https://example.org/cam-testdata/small/Aliquot/s01-f0002-mother-blood-a1
alq-5t3k3oo1sw,https://example.org/cam-testdata/small/Aliquot/s02-f0001-proband-blood-a1
alq-6e15rf2ieb,https://example.org/cam-testdata/small/Aliquot/s01-f0002-proband-dna-a1
alq-6mmjmii4ho,https://example.org/cam-testdata/small/Aliquot/s01-f0011-father-blood-a1
alq-6p6orj1hj6,https://example.org/cam-testdata/small/Aliquot/s02-f0009-father-blood-a1
alq-6tvyfdwcl7,https://example.org/cam-testdata/small/Aliquot/s02-f0002-father-dna-a2
alq-73pcfoqtv2,https://example.org/cam-testdata/small/Aliquot/s02-f0011-father-blood-a1
alq-7hqcr45z83,https://example.org/cam-testdata/small/Aliquot/s01-f0003-proband-dna-a3
alq-7i1b5lo0on,https://example.org/cam-testdata/small/Aliquot/s02-f0010-proband-dna-a1
alq-7i70mzj7g9,https://example.org/cam-testdata/small/Aliquot/s02-f0003-mother-blood-a1
alq-7juoebkay0,https://example.org/cam-testdata/small/Aliquot/s02-f0002-mother-blood-a2
alq-7w2rt8vhz1,https://example.org/cam-testdata/small/Aliquot/s02-f0010-proband-blood-a1
alq-8gqqmbk8hp,https://example.org/cam-testdata/small/Aliquot/s02-f0010-proband-blood-a2
alq-8ry2fl26z9,https://example.org/cam-testdata/small/Aliquot/s01-f0004-father-blood-a1
alq-8ybofpdgen,https://example.org/cam-testdata/small/Aliquot/s01-f0009-proband-blood-a2
alq-991tvgauiw,https://example.org/cam-testdata/small/Aliquot/s02-f0006-proband-blood-a1
alq-9eq4zqc3mf,https://example.org/cam-testdata/small/Aliquot/s02-f0004-father-blood-a1
alq-9puo6belsz,https://example.org/cam-testdata/small/Aliquot/s01-f0006-father-dna-a1
alq-9uzqtyrsvu,https://example.org/cam-testdata/small/Aliquot/s02-f0011-proband-blood-a1
alq-aadaga8h97,https://example.org/cam-testdata/small/Aliquot/s02-f0011-father-dna-a2
alq-arpe53aayw,https://example.org/cam-testdata/small/Aliquot/s02-f0003-proband-blood-a2
alq-ayj7gr8rp3,https://example.org/cam-testdata/small/Aliquot/s02-f0004-father-blood-a2
alq-bd6xzcdx4r,https://example.org/cam-testdata/small/Aliquot/s02-f0012-father-dna-a1
alq-c6s7xuve79,https://example.org/cam-testdata/small/Aliquot/s02-f0003-proband-blood-a1
alq-cch6bose9l,https://example.org/cam-testdata/small/Aliquot/s02-f0008-proband-dna-a2
alq-ckgbuhekax,https://example.org/cam-testdata/small/Aliquot/s02-f0003-proband-dna-a1
alq-csde1c1rba,https://example.org/cam-testdata/small/Aliquot/s01-f0002-mother-dna-a1
alq-detgv1pb6p,https://example.org/cam-testdata/small/Aliquot/s02-f0004-proband-blood-a1
alq-dob0skdoec,https://example.org/cam-testdata/small/Aliquot/s02-f0001-proband-blood-a2
alq-ee86mv5s1t,https://example.org/cam-testdata/small/Aliquot/s01-f0002-proband-blood-a2
alq-egx5qy4h9p,https://example.org/cam-testdata/small/Aliquot/s01-f0011-proband-blood-a1
alq-fdcq5iaip7,https://example.org/cam-testdata/small/Aliquot/s02-f0006-proband-dna-a1
alq-fwrgs4wu8d,https://example.org/cam-testdata/small/Aliquot/s01-f0012-proband-blood-a1
alq-hc3ioefb7x,https://example.org/cam-testdata/small/Aliquot/s02-f0012-proband-blood-a1
alq-hn7dsco6xr,https://example.org/cam-testdata/small/Aliquot/s02-f0002-father-blood-a1
alq-i6k3kz2iak,https://example.org/cam-testdata/small/Aliquot/s01-f0011-mother-blood-a2
alq-iowiiy9xyr,https://example.org/cam-testdata/small/Aliquot/s01-f0011-father-dna-a1
alq-iv3y9bs92j,https://example.org/cam-testdata/small/Aliquot/s02-f0009-father-dna-a1
alq-iyac1w9chu,https://example.org/cam-testdata/small/Aliquot/s01-f0008-proband-blood-a1
alq-j3fqerx577,https://example.org/cam-testdata/small/Aliquot/s02-f0003-mother-blood-a2
alq-j8x2f2ygci,https://example.org/cam-testdata/small/Aliquot/s02-f0002-mother-blood-a1
alq-jno52fis77,https://example.org/cam-testdata/small/Aliquot/s02-f0012-proband-dna-a1
alq-juco6gnq33,https://example.org/cam-testdata/small/Aliquot/s01-f0006-proband-blood-a1
alq-k7506enf1m,https://example.org/cam-testdata/small/Aliquot/s02-f0004-father-dna-a1
alq-ka6plzqqjy,https://example.org/cam-testdata/small/Aliquot/s01-f0012-proband-blood-a2
alq-kbabfoc0a9,https://example.org/cam-testdata/small/Aliquot/s02-f0012-mother-dna-a1
alq-keq75yq67k,https://example.org/cam-testdata/small/Aliquot/s02-f0008-proband-dna-a1
alq-lcygmslqol,https://example.org/cam-testdata/small/Aliquot/s01-f0012-proband-dna-a2
alq-lm0gv02h5s,https://example.org/cam-testdata/small/Aliquot/s02-f0003-father-blood-a1
alq-lq6vx9d429,https://example.org/cam-testdata/small/Aliquot/s02-f0004-proband-dna-a2
alq-luol49lz1y,https://example.org/cam-testdata/small/Aliquot/s01-f0008-proband-blood-a3
alq-mcafjfurzc,https://example.org/cam-testdata/small/Aliquot/s02-f0012-father-blood-a1
alq-mnehcxtvrh,https://example.org/cam-testdata/small/Aliquot/s01-f0012-proband-dna-a3
alq-o82q4cwrsj,https://example.org/cam-testdata/small/Aliquot/s02-f0012-mother-dna-a3
alq-oexq8qttsc,https://example.org/cam-testdata/small/Aliquot/s01-f0011-mother-blood-a1
alq-ond1ck4zr4,https://example.org/cam-testdata/small/Aliquot/s01-f0009-proband-blood-a1
alq-orb283bdkq,https://example.org/cam-testdata/small/Aliquot/s02-f0012-mother-blood-a1
alq-p2c9rb37ns,https://example.org/cam-testdata/small/Aliquot/s02-f0004-father-dna-a2
alq-p6c15wqedq,https://example.org/cam-testdata/small/Aliquot/s01-f0011-proband-dna-a2
alq-pqrghpnqej,https://example.org/cam-testdata/small/Aliquot/s01-f0006-father-blood-a1
alq-q2geubhg7u,https://example.org/cam-testdata/small/Aliquot/s01-f0009-proband-dna-a1
alq-q3vhbt21vn,https://example.org/cam-testdata/small/Aliquot/s02-f0012-proband-dna-a2
alq-qsqrck1rcp,https://example.org/cam-testdata/small/Aliquot/s01-f0011-proband-dna-a1
alq-qvunau8fl1,https://example.org/cam-testdata/small/Aliquot/s02-f0011-proband-dna-a1
alq-s87pmz6f5l,https://example.org/cam-testdata/small/Aliquot/s02-f0006-proband-dna-a2
alq-sozfhus5kf,https://example.org/cam-testdata/small/Aliquot/s01-f0010-mother-blood-a2
alq-sy5uejza11,https://example.org/cam-testdata/small/Aliquot/s02-f0005-proband-dna-a1
alq-u5g50hnjly,https://example.org/cam-testdata/small/Aliquot/s02-f0004-proband-dna-a1
alq-ug4ys71w65,https://example.org/cam-testdata/small/Aliquot/s01-f0004-proband-blood-a1
alq-ukrk0ov3t0,https://example.org/cam-testdata/small/Aliquot/s02-f0002-proband-dna-a1
alq-uv1ynqpbai,https://example.org/cam-testdata/small/Aliquot/s02-f0002-father-dna-a1
alq-uw6xb9ube5,https://example.org/cam-testdata/small/Aliquot/s02-f0012-mother-dna-a2
alq-vacfuvfvkn,https://example.org/cam-testdata/small/Aliquot/s02-f0002-proband-blood-a1
alq-wq4nrrmnpd,https://example.org/cam-testdata/small/Aliquot/s01-f0003-proband-blood-a1
alq-wtsdrbtu27,https://example.org/cam-testdata/small/Aliquot/s01-f0002-proband-blood-a1
alq-xs9kbtawn7,https://example.org/cam-testdata/small/Aliquot/s01-f0011-mother-dna-a1
alq-y6hqmjvafq,https://example.org/cam-testdata/small/Aliquot/s01-f0002-proband-dna-a2
alq-yegrxjetsk,https://example.org/cam-testdata/small/Aliquot/s01-f0012-proband-dna-a1
alq-yq50qpmmwx,https://example.org/cam-testdata/small/Aliquot/s01-f0004-proband-dna-a2
alq-zcp4avhohv,https://example.org/cam-testdata/small/Aliquot/s02-f0003-mother-dna-a1
