aliquot_id,sample_id,availability_status,quantity_number,quantity_unit,concentration_number,concentration_unit,access_policy_id,study_id
alq-0ngmouuyp2,bs-x12ulavrim,snomedct:103328004,0.1,ucum:ml,26.9,ucum:ng/uL,co-yly4xno8c0,sd-2lx98atcp0
alq-0viwbof506,bs-3cqvhqxu4b,snomedct:103328004,0.1,ucum:ml,13.5,ucum:ng/uL,co-tam2ciyi45,sd-3s8wpdnf71
alq-16ss9qo29h,bs-ownnxjyr9y,snomedct:103328004,0.1,ucum:ml,92.5,ucum:ng/uL,co-yly4xno8c0,sd-2lx98atcp0
alq-1v4p1q2610,bs-fryz5wjfh3,snomedct:103328004,1.1,ucum:ml,,,co-tam2ciyi45,sd-3s8wpdnf71
alq-22f1jtgs35,bs-8oa86ma9ot,snomedct:103328004,0.1,ucum:ml,60.0,ucum:ng/uL,co-yly4xno8c0,sd-2lx98atcp0
alq-2gjrrrb8tb,bs-p6nwre1wat,snomedct:103328004,1.0,ucum:ml,,,co-yly4xno8c0,sd-2lx98atcp0
alq-3o7ca8raq9,bs-4ez6za4vnj,snomedct:103328004,0.1,ucum:ml,62.8,ucum:ng/uL,co-tam2ciyi45,sd-3s8wpdnf71
alq-3pyyvmsble,bs-xl9a6llxio,snomedct:103328004,0.1,ucum:ml,19.0,ucum:ng/uL,co-yly4xno8c0,sd-2lx98atcp0
alq-3rbmj3ugmz,bs-aq1hmsfl13,snomedct:103329007,0.1,ucum:ml,119.8,ucum:ng/uL,co-yly4xno8c0,sd-2lx98atcp0
alq-3rrahxyjz4,bs-bm46zush6y,snomedct:103328004,0.1,ucum:ml,107.0,ucum:ng/uL,co-tam2ciyi45,sd-3s8wpdnf71
alq-48z5i88lm8,bs-bm46zush6y,snomedct:103328004,0.1,ucum:ml,102.2,ucum:ng/uL,co-tam2ciyi45,sd-3s8wpdnf71
alq-4ka871rsb3,bs-4b9ztjfcp5,snomedct:103329007,1.7,ucum:ml,,,co-tam2ciyi45,sd-3s8wpdnf71
alq-4m39ggckfz,bs-9c1grrlh6a,snomedct:103328004,1.9,ucum:ml,,,co-yly4xno8c0,sd-2lx98atcp0
alq-4s96krmxka,bs-5yjg25ca69,snomedct:103328004,1.7,ucum:ml,,,co-yly4xno8c0,sd-2lx98atcp0
alq-4ts63cwefo,bs-21qpxwci7x,snomedct:103328004,0.1,ucum:ml,74.6,ucum:ng/uL,co-tam2ciyi45,sd-3s8wpdnf71
alq-4vlwadvloh,bs-mff31jzxtq,snomedct:103328004,1.0,ucum:ml,,,co-yly4xno8c0,sd-2lx98atcp0
alq-54m59kizhx,bs-wjfv7ftvkq,snomedct:103328004,1.8,ucum:ml,,,co-yly4xno8c0,sd-2lx98atcp0
alq-5aksfh520m,bs-gv857swx92,snomedct:103328004,1.5,ucum:ml,,,co-tam2ciyi45,sd-3s8wpdnf71
alq-5t3k3oo1sw,bs-79nfayxcy4,snomedct:103328004,1.5,ucum:ml,,,co-yly4xno8c0,sd-2lx98atcp0
alq-6e15rf2ieb,bs-mkwfg60t6o,snomedct:103328004,0.1,ucum:ml,34.3,ucum:ng/uL,co-tam2ciyi45,sd-3s8wpdnf71
alq-6mmjmii4ho,bs-be24j2t4up,snomedct:103328004,1.1,ucum:ml,,,co-tam2ciyi45,sd-3s8wpdnf71
alq-6p6orj1hj6,bs-6jmtt7z870,snomedct:103328004,1.2,ucum:ml,,,co-yly4xno8c0,sd-2lx98atcp0
alq-6tvyfdwcl7,bs-zznq3y70wq,snomedct:103328004,0.1,ucum:ml,92.6,ucum:ng/uL,co-yly4xno8c0,sd-2lx98atcp0
alq-73pcfoqtv2,bs-0qv6n0y2td,snomedct:103328004,0.8,ucum:ml,,,co-yly4xno8c0,sd-2lx98atcp0
alq-7hqcr45z83,bs-bm46zush6y,snomedct:103328004,0.1,ucum:ml,34.1,ucum:ng/uL,co-tam2ciyi45,sd-3s8wpdnf71
alq-7i1b5lo0on,bs-qm0dlp7ik5,snomedct:103328004,0.1,ucum:ml,106.7,ucum:ng/uL,co-yly4xno8c0,sd-2lx98atcp0
alq-7i70mzj7g9,bs-z08ja02mb2,snomedct:103328004,1.2,ucum:ml,,,co-yly4xno8c0,sd-2lx98atcp0
alq-7juoebkay0,bs-zgjm1sylgy,snomedct:103328004,1.8,ucum:ml,,,co-yly4xno8c0,sd-2lx98atcp0
alq-7w2rt8vhz1,bs-fgxpylqpw2,snomedct:103329007,1.7,ucum:ml,,,co-yly4xno8c0,sd-2lx98atcp0
alq-8gqqmbk8hp,bs-fgxpylqpw2,snomedct:103328004,1.2,ucum:ml,,,co-yly4xno8c0,sd-2lx98atcp0
alq-8ry2fl26z9,bs-88e72vfn35,snomedct:103329007,1.0,ucum:ml,,,co-tam2ciyi45,sd-3s8wpdnf71
alq-8ybofpdgen,bs-v2lr3u155f,snomedct:103328004,1.8,ucum:ml,,,co-tam2ciyi45,sd-3s8wpdnf71
alq-991tvgauiw,bs-5yjg25ca69,snomedct:103328004,1.6,ucum:ml,,,co-yly4xno8c0,sd-2lx98atcp0
alq-9eq4zqc3mf,bs-lvyp2a2swe,snomedct:103328004,1.7,ucum:ml,,,co-yly4xno8c0,sd-2lx98atcp0
alq-9puo6belsz,bs-po7nbit95v,snomedct:103328004,0.1,ucum:ml,15.2,ucum:ng/uL,co-tam2ciyi45,sd-3s8wpdnf71
alq-9uzqtyrsvu,bs-wjfv7ftvkq,snomedct:103329007,2.0,ucum:ml,,,co-yly4xno8c0,sd-2lx98atcp0
alq-aadaga8h97,bs-x12ulavrim,snomedct:103328004,0.1,ucum:ml,50.3,ucum:ng/uL,co-yly4xno8c0,sd-2lx98atcp0
alq-arpe53aayw,bs-8yrxmmgyc3,snomedct:103328004,2.0,ucum:ml,,,co-yly4xno8c0,sd-2lx98atcp0
alq-ayj7gr8rp3,bs-lvyp2a2swe,snomedct:103328004,1.8,ucum:ml,,,co-yly4xno8c0,sd-2lx98atcp0
alq-bd6xzcdx4r,bs-c9m3animcq,snomedct:103328004,0.1,ucum:ml,29.6,ucum:ng/uL,co-yly4xno8c0,sd-2lx98atcp0
alq-c6s7xuve79,bs-8yrxmmgyc3,snomedct:103328004,0.6,ucum:ml,,,co-yly4xno8c0,sd-2lx98atcp0
alq-cch6bose9l,bs-pu48nhp9on,snomedct:103328004,0.1,ucum:ml,119.9,ucum:ng/uL,co-yly4xno8c0,sd-2lx98atcp0
alq-ckgbuhekax,bs-7i4ai02qm7,snomedct:103328004,0.1,ucum:ml,36.3,ucum:ng/uL,co-yly4xno8c0,sd-2lx98atcp0
alq-csde1c1rba,bs-fpd4arpkia,snomedct:103328004,0.1,ucum:ml,43.7,ucum:ng/uL,co-tam2ciyi45,sd-3s8wpdnf71
alq-detgv1pb6p,bs-mff31jzxtq,snomedct:103328004,0.6,ucum:ml,,,co-yly4xno8c0,sd-2lx98atcp0
alq-dob0skdoec,bs-79nfayxcy4,snomedct:103328004,0.5,ucum:ml,,,co-yly4xno8c0,sd-2lx98atcp0
alq-ee86mv5s1t,bs-8w1pmyml8t,snomedct:103328004,2.0,ucum:ml,,,co-tam2ciyi45,sd-3s8wpdnf71
alq-egx5qy4h9p,bs-3d9plqby6e,snomedct:103328004,0.7,ucum:ml,,,co-tam2ciyi45,sd-3s8wpdnf71
alq-fdcq5iaip7,bs-o1smndjojs,snomedct:103329007,0.1,ucum:ml,54.3,ucum:ng/uL,co-yly4xno8c0,sd-2lx98atcp0
alq-fwrgs4wu8d,bs-q5a6b9u1zn,snomedct:103329007,0.7,ucum:ml,,,co-tam2ciyi45,sd-3s8wpdnf71
alq-hc3ioefb7x,bs-8ki6aqj1ye,snomedct:103328004,1.2,ucum:ml,,,co-yly4xno8c0,sd-2lx98atcp0
alq-hn7dsco6xr,bs-n0rtotub0w,snomedct:103328004,1.7,ucum:ml,,,co-yly4xno8c0,sd-2lx98atcp0
alq-i6k3kz2iak,bs-xfa4h8iruu,snomedct:103328004,1.2,ucum:ml,,,co-tam2ciyi45,sd-3s8wpdnf71
alq-iowiiy9xyr,bs-y341t447ov,snomedct:103328004,0.1,ucum:ml,13.5,ucum:ng/uL,co-tam2ciyi45,sd-3s8wpdnf71
alq-iv3y9bs92j,bs-k29u6tlui0,snomedct:103328004,0.1,ucum:ml,16.8,ucum:ng/uL,co-yly4xno8c0,sd-2lx98atcp0
alq-iyac1w9chu,bs-4b9ztjfcp5,snomedct:103328004,0.6,ucum:ml,,,co-tam2ciyi45,sd-3s8wpdnf71
alq-j3fqerx577,bs-z08ja02mb2,snomedct:103328004,0.7,ucum:ml,,,co-yly4xno8c0,sd-2lx98atcp0
alq-j8x2f2ygci,bs-zgjm1sylgy,snomedct:103328004,1.7,ucum:ml,,,co-yly4xno8c0,sd-2lx98atcp0
alq-jno52fis77,bs-qfaoo63s3j,snomedct:103328004,0.1,ucum:ml,27.7,ucum:ng/uL,co-yly4xno8c0,sd-2lx98atcp0
alq-juco6gnq33,bs-njlq69izu4,snomedct:103328004,1.5,ucum:ml,,,co-tam2ciyi45,sd-3s8wpdnf71
alq-k7506enf1m,bs-4738chr6tm,snomedct:103328004,0.1,ucum:ml,53.1,ucum:ng/uL,co-yly4xno8c0,sd-2lx98atcp0
alq-ka6plzqqjy,bs-q5a6b9u1zn,snomedct:103328004,1.6,ucum:ml,,,co-tam2ciyi45,sd-3s8wpdnf71
alq-kbabfoc0a9,bs-debyobor67,snomedct:103328004,0.1,ucum:ml,33.9,ucum:ng/uL,co-yly4xno8c0,sd-2lx98atcp0
alq-keq75yq67k,bs-pu48nhp9on,snomedct:103328004,0.1,ucum:ml,94.0,ucum:ng/uL,co-yly4xno8c0,sd-2lx98atcp0
alq-lcygmslqol,bs-20483amku9,snomedct:103328004,0.1,ucum:ml,41.7,ucum:ng/uL,co-tam2ciyi45,sd-3s8wpdnf71
alq-lm0gv02h5s,bs-raisncggcv,snomedct:103328004,1.5,ucum:ml,,,co-yly4xno8c0,sd-2lx98atcp0
alq-lq6vx9d429,bs-08dyug60bv,snomedct:103328004,0.1,ucum:ml,29.9,ucum:ng/uL,co-yly4xno8c0,sd-2lx98atcp0
alq-luol49lz1y,bs-4b9ztjfcp5,snomedct:103328004,1.7,ucum:ml,,,co-tam2ciyi45,sd-3s8wpdnf71
alq-mcafjfurzc,bs-q2nqh2kir8,snomedct:103328004,1.0,ucum:ml,,,co-yly4xno8c0,sd-2lx98atcp0
alq-mnehcxtvrh,bs-20483amku9,snomedct:103328004,0.1,ucum:ml,115.8,ucum:ng/uL,co-tam2ciyi45,sd-3s8wpdnf71
alq-o82q4cwrsj,bs-debyobor67,snomedct:103328004,0.1,ucum:ml,84.8,ucum:ng/uL,co-yly4xno8c0,sd-2lx98atcp0
alq-oexq8qttsc,bs-xfa4h8iruu,snomedct:103328004,0.8,ucum:ml,,,co-tam2ciyi45,sd-3s8wpdnf71
alq-ond1ck4zr4,bs-v2lr3u155f,snomedct:103328004,1.4,ucum:ml,,,co-tam2ciyi45,sd-3s8wpdnf71
alq-orb283bdkq,bs-v2rl9yqchx,snomedct:103328004,1.8,ucum:ml,,,co-yly4xno8c0,sd-2lx98atcp0
alq-p2c9rb37ns,bs-4738chr6tm,snomedct:103328004,0.1,ucum:ml,30.4,ucum:ng/uL,co-yly4xno8c0,sd-2lx98atcp0
alq-p6c15wqedq,bs-i68v99tbwy,snomedct:103328004,0.1,ucum:ml,109.8,ucum:ng/uL,co-tam2ciyi45,sd-3s8wpdnf71
alq-pqrghpnqej,bs-mmwh4u6xgb,snomedct:103328004,2.0,ucum:ml,,,co-tam2ciyi45,sd-3s8wpdnf71
alq-q2geubhg7u,bs-ienhf20njw,snomedct:103328004,0.1,ucum:ml,80.3,ucum:ng/uL,co-tam2ciyi45,sd-3s8wpdnf71
alq-q3vhbt21vn,bs-qfaoo63s3j,snomedct:103328004,0.1,ucum:ml,26.4,ucum:ng/uL,co-yly4xno8c0,sd-2lx98atcp0
alq-qsqrck1rcp,bs-i68v99tbwy,snomedct:103328004,0.1,ucum:ml,95.5,ucum:ng/uL,co-tam2ciyi45,sd-3s8wpdnf71
alq-qvunau8fl1,bs-tx6bnw1a0x,snomedct:103328004,0.1,ucum:ml,103.5,ucum:ng/uL,co-yly4xno8c0,sd-2lx98atcp0
alq-s87pmz6f5l,bs-o1smndjojs,snomedct:103328004,0.1,ucum:ml,105.3,ucum:ng/uL,co-yly4xno8c0,sd-2lx98atcp0
alq-sozfhus5kf,bs-fryz5wjfh3,snomedct:103328004,0.7,ucum:ml,,,co-tam2ciyi45,sd-3s8wpdnf71
alq-sy5uejza11,bs-5rgzjle102,snomedct:103328004,0.1,ucum:ml,110.7,ucum:ng/uL,co-yly4xno8c0,sd-2lx98atcp0
alq-u5g50hnjly,bs-08dyug60bv,snomedct:103328004,0.1,ucum:ml,82.2,ucum:ng/uL,co-yly4xno8c0,sd-2lx98atcp0
alq-ug4ys71w65,bs-puia6w6tod,snomedct:103328004,0.8,ucum:ml,,,co-tam2ciyi45,sd-3s8wpdnf71
alq-ukrk0ov3t0,bs-xl9a6llxio,snomedct:103328004,0.1,ucum:ml,13.4,ucum:ng/uL,co-yly4xno8c0,sd-2lx98atcp0
alq-uv1ynqpbai,bs-zznq3y70wq,snomedct:103329007,0.1,ucum:ml,66.1,ucum:ng/uL,co-yly4xno8c0,sd-2lx98atcp0
alq-uw6xb9ube5,bs-debyobor67,snomedct:103328004,0.1,ucum:ml,13.1,ucum:ng/uL,co-yly4xno8c0,sd-2lx98atcp0
alq-vacfuvfvkn,bs-8r09gjn2f4,snomedct:103328004,0.9,ucum:ml,,,co-yly4xno8c0,sd-2lx98atcp0
alq-wq4nrrmnpd,bs-9tgznswrol,snomedct:103328004,1.1,ucum:ml,,,co-tam2ciyi45,sd-3s8wpdnf71
alq-wtsdrbtu27,bs-8w1pmyml8t,snomedct:103328004,1.0,ucum:ml,,,co-tam2ciyi45,sd-3s8wpdnf71
alq-xs9kbtawn7,bs-21qpxwci7x,snomedct:103328004,0.1,ucum:ml,44.5,ucum:ng/uL,co-tam2ciyi45,sd-3s8wpdnf71
alq-y6hqmjvafq,bs-mkwfg60t6o,snomedct:103328004,0.1,ucum:ml,106.6,ucum:ng/uL,co-tam2ciyi45,sd-3s8wpdnf71
alq-yegrxjetsk,bs-20483amku9,snomedct:103328004,0.1,ucum:ml,112.9,ucum:ng/uL,co-tam2ciyi45,sd-3s8wpdnf71
alq-yq50qpmmwx,bs-4ez6za4vnj,snomedct:103328004,0.1,ucum:ml,54.1,ucum:ng/uL,co-tam2ciyi45,sd-3s8wpdnf71
alq-zcp4avhohv,bs-pzhds8cdc8,snomedct:103328004,0.1,ucum:ml,56.1,ucum:ng/uL,co-yly4xno8c0,sd-2lx98atcp0
