biospecimen_collection_id,age_at_collection,method,site,spatial_qualifier,laterality,encounter_id,access_policy_id,study_id
bsc-0fdgkol1qm,10.53,snomedct:82078001,,,,en-re5c9kzl4g,co-yly4xno8c0,sd-2lx98atcp0
bsc-0p2uztsm0k,32.14,snomedct:82078001,,,,en-9anqudvpb6,co-yly4xno8c0,sd-2lx98atcp0
bsc-4aflfyecd3,23.69,snomedct:82078001,,,,en-xjnxwoy1n5,co-tam2ciyi45,sd-3s8wpdnf71
bsc-576p85idzp,16.92,snomedct:82078001,,,,en-ectdqj2grd,co-tam2ciyi45,sd-3s8wpdnf71
bsc-5ycxjt04v0,27.67,snomedct:82078001,,,,en-wk37ruji9h,co-yly4xno8c0,sd-2lx98atcp0
bsc-7ppgj6m09d,16.24,snomedct:82078001,,,,en-2e0c9af4hv,co-yly4xno8c0,sd-2lx98atcp0
bsc-7x4j5lg88l,33.94,snomedct:82078001,,,,en-4ftj1wn9eu,co-tam2ciyi45,sd-3s8wpdnf71
bsc-81rxkuftog,2.96,snomedct:82078001,,,,en-t9bwyprx5q,co-yly4xno8c0,sd-2lx98atcp0
bsc-92e3t0yuwr,12.03,snomedct:82078001,,,,en-8k56b91q99,co-yly4xno8c0,sd-2lx98atcp0
bsc-9cetpr0y47,33.36,snomedct:82078001,,,,en-462rqvpjnl,co-yly4xno8c0,sd-2lx98atcp0
bsc-ahm7zmwt16,44.01,snomedct:82078001,,,,en-5rb4xuwxbw,co-tam2ciyi45,sd-3s8wpdnf71
bsc-aiptm14ear,21.28,snomedct:82078001,,,,en-u91g5noeql,co-tam2ciyi45,sd-3s8wpdnf71
bsc-ax86yg2qis,5.52,snomedct:82078001,,,,en-h0f37za8k9,co-yly4xno8c0,sd-2lx98atcp0
bsc-b7q94aowax,34.2,snomedct:82078001,,,,en-3r27knw98z,co-tam2ciyi45,sd-3s8wpdnf71
bsc-ebp5r1lgor,21.52,snomedct:82078001,,,,en-ac3zkhkoea,co-tam2ciyi45,sd-3s8wpdnf71
bsc-fkqy2ieno2,2.14,snomedct:82078001,,,,en-snfsdthc3l,co-tam2ciyi45,sd-3s8wpdnf71
bsc-fpnhjdh9mn,15.69,snomedct:82078001,,,,en-p7bwjxjr89,co-tam2ciyi45,sd-3s8wpdnf71
bsc-fwfvwlq7ea,31.44,snomedct:82078001,,,,en-nv2jnkrhov,co-yly4xno8c0,sd-2lx98atcp0
bsc-gqstqesa4i,31.95,snomedct:82078001,,,,en-43d39bonyc,co-yly4xno8c0,sd-2lx98atcp0
bsc-h2t6mxqssl,44.47,snomedct:82078001,,,,en-fffupimvbd,co-yly4xno8c0,sd-2lx98atcp0
bsc-iw86raqc18,1.39,snomedct:82078001,,,,en-ianln70jil,co-yly4xno8c0,sd-2lx98atcp0
bsc-lcx5u85hto,13.38,snomedct:82078001,,,,en-33pjcj2zyr,co-yly4xno8c0,sd-2lx98atcp0
bsc-m4df3fz6lt,2.63,snomedct:82078001,,,,en-fhc4rsoon8,co-yly4xno8c0,sd-2lx98atcp0
bsc-qge59vsp9x,49.16,snomedct:82078001,,,,en-m9b9fyjc49,co-yly4xno8c0,sd-2lx98atcp0
bsc-r6rxtowdgg,17.92,snomedct:82078001,,,,en-evajlznqjs,co-yly4xno8c0,sd-2lx98atcp0
bsc-rwwy83axy6,12.5,snomedct:82078001,,,,en-iuq1y5pok6,co-yly4xno8c0,sd-2lx98atcp0
bsc-s4kdcpj958,8.89,snomedct:82078001,,,,en-7fmm7lgyl3,co-yly4xno8c0,sd-2lx98atcp0
bsc-t2k6bwj9eg,29.2,snomedct:82078001,,,,en-psdcahprqw,co-yly4xno8c0,sd-2lx98atcp0
bsc-w1a2uebbvu,14.09,snomedct:82078001,,,,en-hty32ttirv,co-tam2ciyi45,sd-3s8wpdnf71
bsc-xe1t4yz07s,3.97,snomedct:82078001,,,,en-bnamypeobm,co-yly4xno8c0,sd-2lx98atcp0
bsc-xmvx574ulv,13.55,snomedct:82078001,,,,en-uy3d597ur6,co-tam2ciyi45,sd-3s8wpdnf71
bsc-xoiqgmao8y,38.22,snomedct:82078001,,,,en-0yzxa17due,co-yly4xno8c0,sd-2lx98atcp0
bsc-ybue3pod7g,15.44,snomedct:82078001,,,,en-70d572s02w,co-tam2ciyi45,sd-3s8wpdnf71
bsc-ych91dvz45,12.97,snomedct:82078001,,,,en-3w3yqj345a,co-tam2ciyi45,sd-3s8wpdnf71
bsc-zma9347umx,8.99,snomedct:82078001,,,,en-fzvv6gtysy,co-tam2ciyi45,sd-3s8wpdnf71
