Dataset_dataset_id,file_id_file_id
ls-1154czjcje,dr-6rz35r1dcn
ls-1154czjcje,dr-7cmrrchrb2
ls-1154czjcje,dr-9gn7m31rwj
ls-1154czjcje,dr-am7lr2y8ef
ls-1154czjcje,dr-czqmekc4k9
ls-1154czjcje,dr-dv899gzt40
ls-1154czjcje,dr-gfqyfal0g4
ls-1154czjcje,dr-jttmffjdeu
ls-1154czjcje,dr-ko8n1f4o85
ls-1154czjcje,dr-kxejd1xust
ls-1154czjcje,dr-l4caxcumdx
ls-1154czjcje,dr-lix3bceyj5
ls-1154czjcje,dr-nt2q04ykzv
ls-1154czjcje,dr-pl4h7luiyj
ls-1154czjcje,dr-q8dppwlx74
ls-1154czjcje,dr-rthti3h8qh
ls-1154czjcje,dr-u9la8l8rae
ls-1154czjcje,dr-vqp87va56v
ls-1154czjcje,dr-wjooqqfn1g
ls-1154czjcje,dr-wyy6htjq29
ls-1154czjcje,dr-zmk9npxmdg
ls-ba4m1f3o7k,dr-3ay88rjpq7
ls-ba4m1f3o7k,dr-5u4yj6t1qz
ls-ba4m1f3o7k,dr-a5t68p77a3
ls-ba4m1f3o7k,dr-ay99mw28h9
ls-ba4m1f3o7k,dr-fdxdtru8l2
ls-ba4m1f3o7k,dr-fpe7cm9118
ls-ba4m1f3o7k,dr-l2tutwpe1u
ls-ba4m1f3o7k,dr-pasezan1az
ls-ba4m1f3o7k,dr-w6fcc1x2x3
