Demographics_subject_id,race_concept_curie
pt-0mz8ptoiqy,CDCREC:2076-8
pt-0y0gjl36rz,CDCREC:2054-5
pt-0yxamgf21w,CDCREC:2076-8
pt-1ohce2h4jo,CDCREC:2076-8
pt-223dzfx7g4,CDCREC:2076-8
pt-2px245swmn,CDCREC:2054-5
pt-2qhnztec9g,CDCREC:2028-9
pt-2tcvf9d0mr,CDCREC:2028-9
pt-3746e85sta,CDCREC:1002-5
pt-3746e85sta,CDCREC:2028-9
pt-3heturwy6c,CDCREC:2028-9
pt-3heturwy6c,CDCREC:2076-8
pt-455yp3stzr,CDCREC:2054-5
pt-54i7xpb3so,CDCREC:1002-5
pt-6vj8yjqt9f,CDCREC:2076-8
pt-72iwinqiw2,CDCREC:2054-5
pt-8737trkhec,CDCREC:2106-3
pt-89rj8wzflm,CDCREC:2054-5
pt-9gk8jq9c8a,CDCREC:2118-8
pt-9mylk1ozmd,CDCREC:2076-8
pt-a15eslmrz3,CDCREC:2028-9
pt-e1qowyg6qe,CDCREC:2106-3
pt-f39hc6n8dq,CDCREC:2106-3
pt-fhfb8mfhx3,CDCREC:2118-8
pt-g7k8bawahu,CDCREC:2118-8
pt-hmejx0uz9s,CDCREC:2054-5
pt-j86rjc1yiy,CDCREC:2028-9
pt-j86rjc1yiy,CDCREC:2054-5
pt-ju11ude3rq,CDCREC:2118-8
pt-l98koluj11,CDCREC:1002-5
pt-ljkuzx3y8h,CDCREC:2106-3
pt-ljv5blx4vb,CDCREC:2076-8
pt-lo3ubn20z3,CDCREC:1002-5
pt-m9q9s4y6en,CDCREC:1002-5
pt-oic36wj8i0,CDCREC:2076-8
pt-onkaogf9n1,CDCREC:2054-5
pt-p8lz6kia0j,CDCREC:2106-3
pt-p9wydbuq5q,CDCREC:2118-8
pt-pkqb7v1zxd,CDCREC:2028-9
pt-q5abjhzige,CDCREC:2076-8
pt-r22hejnzwv,CDCREC:2118-8
pt-r8x9pj0tys,CDCREC:1002-5
pt-rxqwqab2pf,CDCREC:2054-5
pt-rxqwqab2pf,CDCREC:2076-8
pt-sdhpmoh9yq,CDCREC:2106-3
pt-sv38knyk22,CDCREC:2118-8
pt-t3ll8jhskm,CDCREC:2106-3
pt-ti0pzgxycp,CDCREC:2054-5
pt-tyk26seuny,CDCREC:2054-5
pt-tyk26seuny,CDCREC:2106-3
pt-undm70vrd3,CDCREC:1002-5
pt-vvn9rj70ad,CDCREC:2028-9
pt-wjcidufzz8,CDCREC:2106-3
pt-x2oc43ni3s,CDCREC:1002-5
pt-xoyf6cflcc,CDCREC:2054-5
pt-yuolgzovn5,CDCREC:2076-8
pt-z07ixekmp1,CDCREC:2054-5
