subject_id,sex,ethnicity,age_at_last_vital_status,vital_status,age_at_first_engagement,access_policy_id,study_id
pt-0mz8ptoiqy,snomedct:248152002,CDCREC:2135-2,17617,snomedct:438949009,17252,co-yly4xno8c0,sd-2lx98atcp0
pt-0y0gjl36rz,snomedct:248152002,CDCREC:2135-2,14106,snomedct:438949009,13960,co-yly4xno8c0,sd-2lx98atcp0
pt-0yxamgf21w,snomedct:248152002,CDCREC:2186-5,6212,snomedct:438949009,6212,co-yly4xno8c0,sd-2lx98atcp0
pt-1ohce2h4jo,snomedct:248152002,CDCREC:2135-2,19005,snomedct:419099009,17830,co-yly4xno8c0,sd-2lx98atcp0
pt-223dzfx7g4,snomedct:248153007,CDCREC:2135-2,17634,snomedct:438949009,17634,co-tam2ciyi45,sd-3s8wpdnf71
pt-2px245swmn,snomedct:248152002,CDCREC:2135-2,13303,snomedct:438949009,12448,co-yly4xno8c0,sd-2lx98atcp0
pt-2qhnztec9g,snomedct:248152002,CDCREC:2186-5,4395,snomedct:438949009,4395,co-yly4xno8c0,sd-2lx98atcp0
pt-2tcvf9d0mr,snomedct:248152002,CDCREC:2186-5,18758,snomedct:419099009,17957,co-yly4xno8c0,sd-2lx98atcp0
pt-3746e85sta,snomedct:248152002,CDCREC:2135-2,9809,snomedct:438949009,9809,co-tam2ciyi45,sd-3s8wpdnf71
pt-3heturwy6c,snomedct:248153007,CDCREC:2135-2,16383,snomedct:438949009,16242,co-yly4xno8c0,sd-2lx98atcp0
pt-455yp3stzr,snomedct:248152002,CDCREC:2135-2,9069,snomedct:438949009,8651,co-tam2ciyi45,sd-3s8wpdnf71
pt-54i7xpb3so,snomedct:248153007,CDCREC:2135-2,4715,snomedct:438949009,3847,co-yly4xno8c0,sd-2lx98atcp0
pt-6vj8yjqt9f,snomedct:248153007,CDCREC:2135-2,10108,snomedct:438949009,10108,co-yly4xno8c0,sd-2lx98atcp0
pt-72iwinqiw2,snomedct:248153007,CDCREC:2186-5,11013,snomedct:438949009,9857,co-tam2ciyi45,sd-3s8wpdnf71
pt-8737trkhec,snomedct:248152002,CDCREC:2186-5,10337,snomedct:438949009,9599,co-yly4xno8c0,sd-2lx98atcp0
pt-89rj8wzflm,snomedct:248153007,CDCREC:2186-5,4946,snomedct:438949009,4737,co-tam2ciyi45,sd-3s8wpdnf71
pt-9gk8jq9c8a,snomedct:248153007,CDCREC:2135-2,8882,snomedct:438949009,7774,co-tam2ciyi45,sd-3s8wpdnf71
pt-9mylk1ozmd,snomedct:248153007,CDCREC:2186-5,1556,snomedct:438949009,1082,co-yly4xno8c0,sd-2lx98atcp0
pt-a15eslmrz3,snomedct:248152002,CDCREC:2186-5,12656,snomedct:438949009,11982,co-tam2ciyi45,sd-3s8wpdnf71
pt-e1qowyg6qe,snomedct:248152002,CDCREC:2186-5,4950,snomedct:438949009,4950,co-tam2ciyi45,sd-3s8wpdnf71
pt-f39hc6n8dq,snomedct:248153007,CDCREC:2135-2,620,snomedct:438949009,509,co-yly4xno8c0,sd-2lx98atcp0
pt-fhfb8mfhx3,snomedct:248153007,CDCREC:2135-2,960,snomedct:438949009,960,co-yly4xno8c0,sd-2lx98atcp0
pt-g7k8bawahu,snomedct:261665006,CDCREC:2186-5,4104,snomedct:419099009,3247,co-yly4xno8c0,sd-2lx98atcp0
pt-hmejx0uz9s,snomedct:248153007,CDCREC:2186-5,2574,snomedct:419099009,1690,co-yly4xno8c0,sd-2lx98atcp0
pt-j86rjc1yiy,snomedct:248153007,CDCREC:2186-5,11671,snomedct:438949009,11671,co-yly4xno8c0,sd-2lx98atcp0
pt-ju11ude3rq,snomedct:261665006,CDCREC:2186-5,3284,snomedct:438949009,1914,co-tam2ciyi45,sd-3s8wpdnf71
pt-l98koluj11,snomedct:248153007,snomedct:261665006,2706,snomedct:438949009,2017,co-yly4xno8c0,sd-2lx98atcp0
pt-ljkuzx3y8h,snomedct:248152002,CDCREC:2186-5,7872,snomedct:438949009,6546,co-yly4xno8c0,sd-2lx98atcp0
pt-ljv5blx4vb,snomedct:248152002,snomedct:261665006,18232,snomedct:438949009,16546,co-yly4xno8c0,sd-2lx98atcp0
pt-lo3ubn20z3,snomedct:248152002,CDCREC:2135-2,4164,snomedct:438949009,3575,co-tam2ciyi45,sd-3s8wpdnf71
pt-m9q9s4y6en,snomedct:248152002,CDCREC:2135-2,8081,snomedct:438949009,7862,co-tam2ciyi45,sd-3s8wpdnf71
pt-oic36wj8i0,snomedct:248152002,CDCREC:2186-5,8368,snomedct:419099009,5641,co-tam2ciyi45,sd-3s8wpdnf71
pt-onkaogf9n1,snomedct:248152002,CDCREC:2186-5,4984,snomedct:438949009,4424,co-tam2ciyi45,sd-3s8wpdnf71
pt-p8lz6kia0j,snomedct:248153007,CDCREC:2186-5,1288,snomedct:438949009,782,co-tam2ciyi45,sd-3s8wpdnf71
pt-p9wydbuq5q,snomedct:248153007,CDCREC:2186-5,12492,snomedct:438949009,12492,co-tam2ciyi45,sd-3s8wpdnf71
pt-pkqb7v1zxd,snomedct:248152002,CDCREC:2186-5,7106,snomedct:438949009,5931,co-yly4xno8c0,sd-2lx98atcp0
pt-q5abjhzige,snomedct:248152002,CDCREC:2186-5,17160,snomedct:438949009,17160,co-yly4xno8c0,sd-2lx98atcp0
pt-r22hejnzwv,snomedct:248153007,snomedct:261665006,2078,snomedct:438949009,1450,co-yly4xno8c0,sd-2lx98atcp0
pt-r8x9pj0tys,snomedct:248153007,CDCREC:2135-2,13312,snomedct:438949009,11740,co-yly4xno8c0,sd-2lx98atcp0
pt-rxqwqab2pf,snomedct:248152002,CDCREC:2135-2,16527,snomedct:438949009,16073,co-tam2ciyi45,sd-3s8wpdnf71
pt-sdhpmoh9yq,snomedct:248153007,CDCREC:2186-5,12396,snomedct:438949009,12396,co-tam2ciyi45,sd-3s8wpdnf71
pt-sv38knyk22,snomedct:248152002,CDCREC:2135-2,2314,snomedct:438949009,1657,co-tam2ciyi45,sd-3s8wpdnf71
pt-t3ll8jhskm,snomedct:248153007,CDCREC:2186-5,11566,snomedct:438949009,11327,co-yly4xno8c0,sd-2lx98atcp0
pt-ti0pzgxycp,snomedct:248153007,snomedct:261665006,5732,snomedct:438949009,5732,co-tam2ciyi45,sd-3s8wpdnf71
pt-tyk26seuny,snomedct:248153007,CDCREC:2135-2,6009,snomedct:438949009,4886,co-yly4xno8c0,sd-2lx98atcp0
pt-undm70vrd3,snomedct:248153007,CDCREC:2186-5,12491,snomedct:438949009,10665,co-yly4xno8c0,sd-2lx98atcp0
pt-vvn9rj70ad,snomedct:248153007,CDCREC:2186-5,5212,snomedct:438949009,4567,co-yly4xno8c0,sd-2lx98atcp0
pt-wjcidufzz8,snomedct:248152002,CDCREC:2186-5,12371,snomedct:438949009,11482,co-yly4xno8c0,sd-2lx98atcp0
pt-x2oc43ni3s,snomedct:248152002,CDCREC:2135-2,3282,snomedct:438949009,3282,co-tam2ciyi45,sd-3s8wpdnf71
pt-xoyf6cflcc,snomedct:248153007,CDCREC:2186-5,5145,snomedct:438949009,5145,co-tam2ciyi45,sd-3s8wpdnf71
pt-yuolgzovn5,snomedct:248153007,CDCREC:2135-2,12718,snomedct:438949009,12183,co-yly4xno8c0,sd-2lx98atcp0
pt-z07ixekmp1,snomedct:248152002,snomedct:261665006,6455,snomedct:438949009,6181,co-tam2ciyi45,sd-3s8wpdnf71
