Demographics_subject_id,external_id
pt-0mz8ptoiqy,https://example.org/cam-testdata/small/Demographics/s02-f0004-mother
pt-0y0gjl36rz,https://example.org/cam-testdata/small/Demographics/s02-f0002-mother
pt-0yxamgf21w,https://example.org/cam-testdata/small/Demographics/s02-f0007-proband
pt-1ohce2h4jo,https://example.org/cam-testdata/small/Demographics/s02-f0009-mother
pt-223dzfx7g4,https://example.org/cam-testdata/small/Demographics/s01-f0002-father
pt-2px245swmn,https://example.org/cam-testdata/small/Demographics/s02-f0010-mother
pt-2qhnztec9g,https://example.org/cam-testdata/small/Demographics/s02-f0010-proband
pt-2tcvf9d0mr,https://example.org/cam-testdata/small/Demographics/s02-f0003-mother
pt-3746e85sta,https://example.org/cam-testdata/small/Demographics/s01-f0006-mother
pt-3heturwy6c,https://example.org/cam-testdata/small/Demographics/s02-f0011-father
pt-455yp3stzr,https://example.org/cam-testdata/small/Demographics/s01-f0011-mother
pt-54i7xpb3so,https://example.org/cam-testdata/small/Demographics/s02-f0011-proband
pt-6vj8yjqt9f,https://example.org/cam-testdata/small/Demographics/s02-f0003-father
pt-72iwinqiw2,https://example.org/cam-testdata/small/Demographics/s01-f0010-father
pt-8737trkhec,https://example.org/cam-testdata/small/Demographics/s02-f0011-mother
pt-89rj8wzflm,https://example.org/cam-testdata/small/Demographics/s01-f0008-proband
pt-9gk8jq9c8a,https://example.org/cam-testdata/small/Demographics/s01-f0006-father
pt-9mylk1ozmd,https://example.org/cam-testdata/small/Demographics/s02-f0003-proband
pt-a15eslmrz3,https://example.org/cam-testdata/small/Demographics/s01-f0004-mother
pt-e1qowyg6qe,https://example.org/cam-testdata/small/Demographics/s01-f0011-proband
pt-f39hc6n8dq,https://example.org/cam-testdata/small/Demographics/s02-f0012-proband
pt-fhfb8mfhx3,https://example.org/cam-testdata/small/Demographics/s02-f0008-proband
pt-g7k8bawahu,https://example.org/cam-testdata/small/Demographics/s02-returning-s01-f0005-proband
pt-hmejx0uz9s,https://example.org/cam-testdata/small/Demographics/s02-f0009-proband
pt-j86rjc1yiy,https://example.org/cam-testdata/small/Demographics/s02-f0012-father
pt-ju11ude3rq,https://example.org/cam-testdata/small/Demographics/s01-f0005-proband
pt-l98koluj11,https://example.org/cam-testdata/small/Demographics/s02-f0002-proband
pt-ljkuzx3y8h,https://example.org/cam-testdata/small/Demographics/s02-returning-s01-f0011-proband
pt-ljv5blx4vb,https://example.org/cam-testdata/small/Demographics/s02-f0006-mother
pt-lo3ubn20z3,https://example.org/cam-testdata/small/Demographics/s01-f0001-proband
pt-m9q9s4y6en,https://example.org/cam-testdata/small/Demographics/s01-f0010-mother
pt-oic36wj8i0,https://example.org/cam-testdata/small/Demographics/s01-f0006-proband
pt-onkaogf9n1,https://example.org/cam-testdata/small/Demographics/s01-f0010-proband
pt-p8lz6kia0j,https://example.org/cam-testdata/small/Demographics/s01-f0002-proband
pt-p9wydbuq5q,https://example.org/cam-testdata/small/Demographics/s01-f0011-father
pt-pkqb7v1zxd,https://example.org/cam-testdata/small/Demographics/s02-f0006-proband
pt-q5abjhzige,https://example.org/cam-testdata/small/Demographics/s02-f0001-mother
pt-r22hejnzwv,https://example.org/cam-testdata/small/Demographics/s02-f0001-proband
pt-r8x9pj0tys,https://example.org/cam-testdata/small/Demographics/s02-f0009-father
pt-rxqwqab2pf,https://example.org/cam-testdata/small/Demographics/s01-f0002-mother
pt-sdhpmoh9yq,https://example.org/cam-testdata/small/Demographics/s01-f0004-father
pt-sv38knyk22,https://example.org/cam-testdata/small/Demographics/s01-f0007-proband
pt-t3ll8jhskm,https://example.org/cam-testdata/small/Demographics/s02-f0001-father
pt-ti0pzgxycp,https://example.org/cam-testdata/small/Demographics/s01-f0009-proband
pt-tyk26seuny,https://example.org/cam-testdata/small/Demographics/s02-f0004-proband
pt-undm70vrd3,https://example.org/cam-testdata/small/Demographics/s02-f0002-father
pt-vvn9rj70ad,https://example.org/cam-testdata/small/Demographics/s02-f0005-proband
pt-wjcidufzz8,https://example.org/cam-testdata/small/Demographics/s02-f0012-mother
pt-x2oc43ni3s,https://example.org/cam-testdata/small/Demographics/s01-f0004-proband
pt-xoyf6cflcc,https://example.org/cam-testdata/small/Demographics/s01-f0003-proband
pt-yuolgzovn5,https://example.org/cam-testdata/small/Demographics/s02-f0004-father
pt-z07ixekmp1,https://example.org/cam-testdata/small/Demographics/s01-f0012-proband
