Encounter_encounter_id,external_id
en-0ajbzdihrl,https://example.org/cam-testdata/small/Encounter/s02-f0009-father-e5
en-0xoqinc7fd,https://example.org/cam-testdata/small/Encounter/s01-f0002-mother-e2
en-0yzxa17due,https://example.org/cam-testdata/small/Encounter/s02-f0002-mother-e1
en-19faoum56l,https://example.org/cam-testdata/small/Encounter/s02-f0003-proband-e2
en-1oou4fyukz,https://example.org/cam-testdata/small/Encounter/s02-f0002-proband-e3
en-2dhre19xtm,https://example.org/cam-testdata/small/Encounter/s01-f0011-mother-e2
en-2e0c9af4hv,https://example.org/cam-testdata/small/Encounter/s02-f0006-proband-e1
en-33pjcj2zyr,https://example.org/cam-testdata/small/Encounter/s02-f0004-proband-e1
en-37g7oszxev,https://example.org/cam-testdata/small/Encounter/s01-f0004-mother-e2
en-3gzh6x06zc,https://example.org/cam-testdata/small/Encounter/s02-f0009-mother-e2
en-3oxofw2ph8,https://example.org/cam-testdata/small/Encounter/s02-f0002-father-e5
en-3r27knw98z,https://example.org/cam-testdata/small/Encounter/s01-f0011-father-e1
en-3w3yqj345a,https://example.org/cam-testdata/small/Encounter/s01-f0008-proband-e1
en-43d39bonyc,https://example.org/cam-testdata/small/Encounter/s02-f0012-father-e1
en-462rqvpjnl,https://example.org/cam-testdata/small/Encounter/s02-f0004-father-e1
en-4ftj1wn9eu,https://example.org/cam-testdata/small/Encounter/s01-f0004-father-e1
en-4j90dvrcms,https://example.org/cam-testdata/small/Encounter/s02-f0004-father-e2
en-54kdwrummy,https://example.org/cam-testdata/small/Encounter/s02-f0002-father-e3
en-5f1hpseun4,https://example.org/cam-testdata/small/Encounter/s01-f0005-proband-e3
en-5rb4xuwxbw,https://example.org/cam-testdata/small/Encounter/s01-f0002-mother-e1
en-7099746o3f,https://example.org/cam-testdata/small/Encounter/s02-f0010-mother-e2
en-70d572s02w,https://example.org/cam-testdata/small/Encounter/s01-f0006-proband-e1
en-71pdhbpci8,https://example.org/cam-testdata/small/Encounter/s01-f0007-proband-e2
en-7a001sfm8n,https://example.org/cam-testdata/small/Encounter/s01-f0012-proband-e2
en-7b47r8p2wu,https://example.org/cam-testdata/small/Encounter/s02-f0009-father-e2
en-7fmm7lgyl3,https://example.org/cam-testdata/small/Encounter/s02-returning-s01-f0005-proband-e1
en-7u8yj7j9a2,https://example.org/cam-testdata/small/Encounter/s02-f0006-proband-e3
en-8ex1k0x1j9,https://example.org/cam-testdata/small/Encounter/s02-f0005-proband-e2
en-8hv34ena0p,https://example.org/cam-testdata/small/Encounter/s02-f0011-mother-e3
en-8jhpgyo16d,https://example.org/cam-testdata/small/Encounter/s02-f0009-mother-e1
en-8k56b91q99,https://example.org/cam-testdata/small/Encounter/s02-f0010-proband-e1
en-8yqbmoe8nl,https://example.org/cam-testdata/small/Encounter/s02-f0006-mother-e1
en-8z9uz60f52,https://example.org/cam-testdata/small/Encounter/s02-f0001-father-e1
en-9126cqyvgh,https://example.org/cam-testdata/small/Encounter/s01-f0006-proband-e2
en-91kvzh5d63,https://example.org/cam-testdata/small/Encounter/s02-f0011-mother-e1
en-93e6hmrh4c,https://example.org/cam-testdata/small/Encounter/s01-f0010-proband-e3
en-99pgn5kovj,https://example.org/cam-testdata/small/Encounter/s02-f0002-father-e4
en-9anqudvpb6,https://example.org/cam-testdata/small/Encounter/s02-f0009-father-e1
en-9fepya0v24,https://example.org/cam-testdata/small/Encounter/s01-f0002-proband-e2
en-ac3zkhkoea,https://example.org/cam-testdata/small/Encounter/s01-f0010-mother-e1
en-aghkbl3d6d,https://example.org/cam-testdata/small/Encounter/s01-f0006-father-e4
en-aguhbqalry,https://example.org/cam-testdata/small/Encounter/s01-f0010-proband-e2
en-apthh6nh01,https://example.org/cam-testdata/small/Encounter/s02-f0012-mother-e2
en-b1sc01ejvc,https://example.org/cam-testdata/small/Encounter/s01-f0010-father-e2
en-b8e014pn1b,https://example.org/cam-testdata/small/Encounter/s01-f0006-proband-e6
en-b9c8kpg1fv,https://example.org/cam-testdata/small/Encounter/s02-f0010-mother-e1
en-bnamypeobm,https://example.org/cam-testdata/small/Encounter/s02-f0001-proband-e1
en-bpadpmgmn4,https://example.org/cam-testdata/small/Encounter/s01-f0008-proband-e2
en-cmnfpzmxej,https://example.org/cam-testdata/small/Encounter/s02-returning-s01-f0005-proband-e3
en-cpskfds6y0,https://example.org/cam-testdata/small/Encounter/s02-f0004-mother-e1
en-d324se3bz1,https://example.org/cam-testdata/small/Encounter/s01-f0006-proband-e4
en-dnj7mbpxwy,https://example.org/cam-testdata/small/Encounter/s01-f0002-father-e1
en-du9cflvbxm,https://example.org/cam-testdata/small/Encounter/s01-f0006-father-e2
en-ectdqj2grd,https://example.org/cam-testdata/small/Encounter/s01-f0012-proband-e1
en-eeg8biszms,https://example.org/cam-testdata/small/Encounter/s02-f0002-proband-e4
en-evajlznqjs,https://example.org/cam-testdata/small/Encounter/s02-returning-s01-f0011-proband-e1
en-eyo6kevwnt,https://example.org/cam-testdata/small/Encounter/s01-f0010-mother-e2
en-fbi141a90w,https://example.org/cam-testdata/small/Encounter/s01-f0005-proband-e2
en-fffupimvbd,https://example.org/cam-testdata/small/Encounter/s02-f0011-father-e1
en-fh7yztzqz3,https://example.org/cam-testdata/small/Encounter/s01-f0010-proband-e1
en-fhc4rsoon8,https://example.org/cam-testdata/small/Encounter/s02-f0008-proband-e1
en-fllm9cpfrm,https://example.org/cam-testdata/small/Encounter/s02-f0001-mother-e1
en-fxlvq5v9oq,https://example.org/cam-testdata/small/Encounter/s02-f0001-father-e2
en-fzvv6gtysy,https://example.org/cam-testdata/small/Encounter/s01-f0004-proband-e1
en-h0f37za8k9,https://example.org/cam-testdata/small/Encounter/s02-f0002-proband-e1
en-h1gi961wve,https://example.org/cam-testdata/small/Encounter/s02-returning-s01-f0011-proband-e3
en-hgpl44qs2r,https://example.org/cam-testdata/small/Encounter/s02-returning-s01-f0005-proband-e2
en-hty32ttirv,https://example.org/cam-testdata/small/Encounter/s01-f0003-proband-e1
en-ianln70jil,https://example.org/cam-testdata/small/Encounter/s02-f0012-proband-e1
en-iuq1y5pok6,https://example.org/cam-testdata/small/Encounter/s02-f0005-proband-e1
en-j4tyrlcsdx,https://example.org/cam-testdata/small/Encounter/s02-f0003-mother-e2
en-jeiqsk3o75,https://example.org/cam-testdata/small/Encounter/s02-f0004-proband-e3
en-jhi9nl200b,https://example.org/cam-testdata/small/Encounter/s01-f0006-proband-e5
en-k1vlefv7sl,https://example.org/cam-testdata/small/Encounter/s01-f0006-proband-e3
en-knrjk0a1gp,https://example.org/cam-testdata/small/Encounter/s02-returning-s01-f0011-proband-e2
en-l299mdx29i,https://example.org/cam-testdata/small/Encounter/s02-f0006-mother-e3
en-m7srkh9qay,https://example.org/cam-testdata/small/Encounter/s02-f0001-proband-e2
en-m8g4iq6aze,https://example.org/cam-testdata/small/Encounter/s02-f0004-proband-e2
en-m9b9fyjc49,https://example.org/cam-testdata/small/Encounter/s02-f0003-mother-e1
en-n43dh26vft,https://example.org/cam-testdata/small/Encounter/s02-f0009-proband-e2
en-n6qtvc8xne,https://example.org/cam-testdata/small/Encounter/s02-f0012-mother-e3
en-nv2jnkrhov,https://example.org/cam-testdata/small/Encounter/s02-f0012-mother-e1
en-o3tc9y3r1e,https://example.org/cam-testdata/small/Encounter/s02-f0010-mother-e3
en-p09jfo6uyf,https://example.org/cam-testdata/small/Encounter/s02-f0009-proband-e1
en-p7bwjxjr89,https://example.org/cam-testdata/small/Encounter/s01-f0009-proband-e1
en-piitsol95e,https://example.org/cam-testdata/small/Encounter/s02-f0002-father-e2
en-psdcahprqw,https://example.org/cam-testdata/small/Encounter/s02-f0002-father-e1
en-q129c96jwm,https://example.org/cam-testdata/small/Encounter/s01-f0010-father-e5
en-q1egnr34ll,https://example.org/cam-testdata/small/Encounter/s02-f0006-proband-e4
en-qartmoyz85,https://example.org/cam-testdata/small/Encounter/s02-f0011-proband-e3
en-qaspjjc6xk,https://example.org/cam-testdata/small/Encounter/s01-f0006-mother-e1
en-r7bzto7yv0,https://example.org/cam-testdata/small/Encounter/s02-f0011-father-e2
en-r9jmff4gz5,https://example.org/cam-testdata/small/Encounter/s02-returning-s01-f0011-proband-e4
en-re5c9kzl4g,https://example.org/cam-testdata/small/Encounter/s02-f0011-proband-e1
en-sihh36j4bo,https://example.org/cam-testdata/small/Encounter/s02-f0009-father-e3
en-snfsdthc3l,https://example.org/cam-testdata/small/Encounter/s01-f0002-proband-e1
en-spobtehzht,https://example.org/cam-testdata/small/Encounter/s02-f0004-mother-e2
en-t16w8ysicm,https://example.org/cam-testdata/small/Encounter/s01-f0005-proband-e4
en-t9bwyprx5q,https://example.org/cam-testdata/small/Encounter/s02-f0003-proband-e1
en-tefw9pzcqd,https://example.org/cam-testdata/small/Encounter/s01-f0005-proband-e1
en-u7v47av9ah,https://example.org/cam-testdata/small/Encounter/s01-f0011-mother-e3
en-u91g5noeql,https://example.org/cam-testdata/small/Encounter/s01-f0006-father-e1
en-u93vrde8oe,https://example.org/cam-testdata/small/Encounter/s02-f0007-proband-e1
en-ulcinr5rwe,https://example.org/cam-testdata/small/Encounter/s01-f0010-father-e3
en-uoiadmev43,https://example.org/cam-testdata/small/Encounter/s02-f0009-proband-e3
en-utdf30g4sz,https://example.org/cam-testdata/small/Encounter/s01-f0005-proband-e5
en-uxkwnqdefb,https://example.org/cam-testdata/small/Encounter/s02-f0011-mother-e2
en-uy3d597ur6,https://example.org/cam-testdata/small/Encounter/s01-f0011-proband-e1
en-vf2xqp0cgw,https://example.org/cam-testdata/small/Encounter/s01-f0010-father-e4
en-vj5z3vr1jp,https://example.org/cam-testdata/small/Encounter/s02-f0009-father-e4
en-vm322d7vf8,https://example.org/cam-testdata/small/Encounter/s02-f0002-mother-e2
en-vnqmkjs6yh,https://example.org/cam-testdata/small/Encounter/s01-f0004-mother-e1
en-vw8088hbev,https://example.org/cam-testdata/small/Encounter/s02-f0012-proband-e2
en-vwr8pv583f,https://example.org/cam-testdata/small/Encounter/s01-f0010-father-e1
en-wk37ruji9h,https://example.org/cam-testdata/small/Encounter/s02-f0003-father-e1
en-wmnvmcugkg,https://example.org/cam-testdata/small/Encounter/s01-f0007-proband-e1
en-ww2ja9pj9i,https://example.org/cam-testdata/small/Encounter/s01-f0006-proband-e7
en-x0thwtgjf6,https://example.org/cam-testdata/small/Encounter/s02-f0011-proband-e2
en-x285qbotal,https://example.org/cam-testdata/small/Encounter/s02-f0006-mother-e4
en-xjnxwoy1n5,https://example.org/cam-testdata/small/Encounter/s01-f0011-mother-e1
en-xz2hbgwzn6,https://example.org/cam-testdata/small/Encounter/s01-f0006-father-e3
en-xzzexxf6sl,https://example.org/cam-testdata/small/Encounter/s02-f0002-proband-e2
en-yy5va4j9ek,https://example.org/cam-testdata/small/Encounter/s01-f0001-proband-e2
en-z37eh1zbah,https://example.org/cam-testdata/small/Encounter/s02-f0003-mother-e3
en-zm09xauzpg,https://example.org/cam-testdata/small/Encounter/s01-f0001-proband-e1
en-zpk2a5e9x0,https://example.org/cam-testdata/small/Encounter/s02-f0006-proband-e2
en-zso7zafqqb,https://example.org/cam-testdata/small/Encounter/s02-f0002-father-e6
en-zuhsbjz5wa,https://example.org/cam-testdata/small/Encounter/s02-f0006-mother-e2
