encounter_id,subject_id,encounter_definition_id,age_at_event,access_policy_id,study_id
en-0ajbzdihrl,pt-r8x9pj0tys,pd-1nasrhdjhv,13312,co-yly4xno8c0,sd-2lx98atcp0
en-0xoqinc7fd,pt-rxqwqab2pf,pd-58ok1sysct,16527,co-tam2ciyi45,sd-3s8wpdnf71
en-0yzxa17due,pt-0y0gjl36rz,pd-v5mqi1nr9t,13960,co-yly4xno8c0,sd-2lx98atcp0
en-19faoum56l,pt-9mylk1ozmd,pd-1nasrhdjhv,1556,co-yly4xno8c0,sd-2lx98atcp0
en-1oou4fyukz,pt-l98koluj11,pd-1nasrhdjhv,2580,co-yly4xno8c0,sd-2lx98atcp0
en-2dhre19xtm,pt-455yp3stzr,pd-58ok1sysct,8819,co-tam2ciyi45,sd-3s8wpdnf71
en-2e0c9af4hv,pt-pkqb7v1zxd,pd-v5mqi1nr9t,5931,co-yly4xno8c0,sd-2lx98atcp0
en-33pjcj2zyr,pt-tyk26seuny,pd-v5mqi1nr9t,4886,co-yly4xno8c0,sd-2lx98atcp0
en-37g7oszxev,pt-a15eslmrz3,pd-58ok1sysct,12656,co-tam2ciyi45,sd-3s8wpdnf71
en-3gzh6x06zc,pt-1ohce2h4jo,pd-1nasrhdjhv,18135,co-yly4xno8c0,sd-2lx98atcp0
en-3oxofw2ph8,pt-undm70vrd3,pd-1nasrhdjhv,12239,co-yly4xno8c0,sd-2lx98atcp0
en-3r27knw98z,pt-p9wydbuq5q,pd-1xae2rmewt,12492,co-tam2ciyi45,sd-3s8wpdnf71
en-3w3yqj345a,pt-89rj8wzflm,pd-1xae2rmewt,4737,co-tam2ciyi45,sd-3s8wpdnf71
en-43d39bonyc,pt-j86rjc1yiy,pd-v5mqi1nr9t,11671,co-yly4xno8c0,sd-2lx98atcp0
en-462rqvpjnl,pt-yuolgzovn5,pd-v5mqi1nr9t,12183,co-yly4xno8c0,sd-2lx98atcp0
en-4ftj1wn9eu,pt-sdhpmoh9yq,pd-1xae2rmewt,12396,co-tam2ciyi45,sd-3s8wpdnf71
en-4j90dvrcms,pt-yuolgzovn5,pd-1nasrhdjhv,12718,co-yly4xno8c0,sd-2lx98atcp0
en-54kdwrummy,pt-undm70vrd3,pd-1nasrhdjhv,11171,co-yly4xno8c0,sd-2lx98atcp0
en-5f1hpseun4,pt-ju11ude3rq,pd-58ok1sysct,2645,co-tam2ciyi45,sd-3s8wpdnf71
en-5rb4xuwxbw,pt-rxqwqab2pf,pd-1xae2rmewt,16073,co-tam2ciyi45,sd-3s8wpdnf71
en-7099746o3f,pt-2px245swmn,pd-1nasrhdjhv,13074,co-yly4xno8c0,sd-2lx98atcp0
en-70d572s02w,pt-oic36wj8i0,pd-1xae2rmewt,5641,co-tam2ciyi45,sd-3s8wpdnf71
en-71pdhbpci8,pt-sv38knyk22,pd-58ok1sysct,2314,co-tam2ciyi45,sd-3s8wpdnf71
en-7a001sfm8n,pt-z07ixekmp1,pd-58ok1sysct,6455,co-tam2ciyi45,sd-3s8wpdnf71
en-7b47r8p2wu,pt-r8x9pj0tys,pd-1nasrhdjhv,12183,co-yly4xno8c0,sd-2lx98atcp0
en-7fmm7lgyl3,pt-g7k8bawahu,pd-v5mqi1nr9t,3247,co-yly4xno8c0,sd-2lx98atcp0
en-7u8yj7j9a2,pt-pkqb7v1zxd,pd-1nasrhdjhv,6815,co-yly4xno8c0,sd-2lx98atcp0
en-8ex1k0x1j9,pt-vvn9rj70ad,pd-1nasrhdjhv,5212,co-yly4xno8c0,sd-2lx98atcp0
en-8hv34ena0p,pt-8737trkhec,pd-1nasrhdjhv,10337,co-yly4xno8c0,sd-2lx98atcp0
en-8jhpgyo16d,pt-1ohce2h4jo,pd-v5mqi1nr9t,17830,co-yly4xno8c0,sd-2lx98atcp0
en-8k56b91q99,pt-2qhnztec9g,pd-v5mqi1nr9t,4395,co-yly4xno8c0,sd-2lx98atcp0
en-8yqbmoe8nl,pt-ljv5blx4vb,pd-v5mqi1nr9t,16546,co-yly4xno8c0,sd-2lx98atcp0
en-8z9uz60f52,pt-t3ll8jhskm,pd-v5mqi1nr9t,11327,co-yly4xno8c0,sd-2lx98atcp0
en-9126cqyvgh,pt-oic36wj8i0,pd-58ok1sysct,6025,co-tam2ciyi45,sd-3s8wpdnf71
en-91kvzh5d63,pt-8737trkhec,pd-v5mqi1nr9t,9599,co-yly4xno8c0,sd-2lx98atcp0
en-93e6hmrh4c,pt-onkaogf9n1,pd-58ok1sysct,4984,co-tam2ciyi45,sd-3s8wpdnf71
en-99pgn5kovj,pt-undm70vrd3,pd-1nasrhdjhv,11868,co-yly4xno8c0,sd-2lx98atcp0
en-9anqudvpb6,pt-r8x9pj0tys,pd-v5mqi1nr9t,11740,co-yly4xno8c0,sd-2lx98atcp0
en-9fepya0v24,pt-p8lz6kia0j,pd-58ok1sysct,1288,co-tam2ciyi45,sd-3s8wpdnf71
en-ac3zkhkoea,pt-m9q9s4y6en,pd-1xae2rmewt,7862,co-tam2ciyi45,sd-3s8wpdnf71
en-aghkbl3d6d,pt-9gk8jq9c8a,pd-58ok1sysct,8882,co-tam2ciyi45,sd-3s8wpdnf71
en-aguhbqalry,pt-onkaogf9n1,pd-58ok1sysct,4694,co-tam2ciyi45,sd-3s8wpdnf71
en-apthh6nh01,pt-wjcidufzz8,pd-1nasrhdjhv,11937,co-yly4xno8c0,sd-2lx98atcp0
en-b1sc01ejvc,pt-72iwinqiw2,pd-58ok1sysct,10252,co-tam2ciyi45,sd-3s8wpdnf71
en-b8e014pn1b,pt-oic36wj8i0,pd-58ok1sysct,7470,co-tam2ciyi45,sd-3s8wpdnf71
en-b9c8kpg1fv,pt-2px245swmn,pd-v5mqi1nr9t,12448,co-yly4xno8c0,sd-2lx98atcp0
en-bnamypeobm,pt-r22hejnzwv,pd-v5mqi1nr9t,1450,co-yly4xno8c0,sd-2lx98atcp0
en-bpadpmgmn4,pt-89rj8wzflm,pd-58ok1sysct,4946,co-tam2ciyi45,sd-3s8wpdnf71
en-cmnfpzmxej,pt-g7k8bawahu,pd-1nasrhdjhv,3779,co-yly4xno8c0,sd-2lx98atcp0
en-cpskfds6y0,pt-0mz8ptoiqy,pd-v5mqi1nr9t,17252,co-yly4xno8c0,sd-2lx98atcp0
en-d324se3bz1,pt-oic36wj8i0,pd-58ok1sysct,6948,co-tam2ciyi45,sd-3s8wpdnf71
en-dnj7mbpxwy,pt-223dzfx7g4,pd-1xae2rmewt,17634,co-tam2ciyi45,sd-3s8wpdnf71
en-du9cflvbxm,pt-9gk8jq9c8a,pd-58ok1sysct,8452,co-tam2ciyi45,sd-3s8wpdnf71
en-ectdqj2grd,pt-z07ixekmp1,pd-1xae2rmewt,6181,co-tam2ciyi45,sd-3s8wpdnf71
en-eeg8biszms,pt-l98koluj11,pd-1nasrhdjhv,2706,co-yly4xno8c0,sd-2lx98atcp0
en-evajlznqjs,pt-ljkuzx3y8h,pd-v5mqi1nr9t,6546,co-yly4xno8c0,sd-2lx98atcp0
en-eyo6kevwnt,pt-m9q9s4y6en,pd-58ok1sysct,8081,co-tam2ciyi45,sd-3s8wpdnf71
en-fbi141a90w,pt-ju11ude3rq,pd-58ok1sysct,2065,co-tam2ciyi45,sd-3s8wpdnf71
en-fffupimvbd,pt-3heturwy6c,pd-v5mqi1nr9t,16242,co-yly4xno8c0,sd-2lx98atcp0
en-fh7yztzqz3,pt-onkaogf9n1,pd-1xae2rmewt,4424,co-tam2ciyi45,sd-3s8wpdnf71
en-fhc4rsoon8,pt-fhfb8mfhx3,pd-v5mqi1nr9t,960,co-yly4xno8c0,sd-2lx98atcp0
en-fllm9cpfrm,pt-q5abjhzige,pd-v5mqi1nr9t,17160,co-yly4xno8c0,sd-2lx98atcp0
en-fxlvq5v9oq,pt-t3ll8jhskm,pd-1nasrhdjhv,11566,co-yly4xno8c0,sd-2lx98atcp0
en-fzvv6gtysy,pt-x2oc43ni3s,pd-1xae2rmewt,3282,co-tam2ciyi45,sd-3s8wpdnf71
en-h0f37za8k9,pt-l98koluj11,pd-v5mqi1nr9t,2017,co-yly4xno8c0,sd-2lx98atcp0
en-h1gi961wve,pt-ljkuzx3y8h,pd-1nasrhdjhv,7185,co-yly4xno8c0,sd-2lx98atcp0
en-hgpl44qs2r,pt-g7k8bawahu,pd-1nasrhdjhv,3374,co-yly4xno8c0,sd-2lx98atcp0
en-hty32ttirv,pt-xoyf6cflcc,pd-1xae2rmewt,5145,co-tam2ciyi45,sd-3s8wpdnf71
en-ianln70jil,pt-f39hc6n8dq,pd-v5mqi1nr9t,509,co-yly4xno8c0,sd-2lx98atcp0
en-iuq1y5pok6,pt-vvn9rj70ad,pd-v5mqi1nr9t,4567,co-yly4xno8c0,sd-2lx98atcp0
en-j4tyrlcsdx,pt-2tcvf9d0mr,pd-1nasrhdjhv,18205,co-yly4xno8c0,sd-2lx98atcp0
en-jeiqsk3o75,pt-tyk26seuny,pd-1nasrhdjhv,6009,co-yly4xno8c0,sd-2lx98atcp0
en-jhi9nl200b,pt-oic36wj8i0,pd-58ok1sysct,7254,co-tam2ciyi45,sd-3s8wpdnf71
en-k1vlefv7sl,pt-oic36wj8i0,pd-58ok1sysct,6642,co-tam2ciyi45,sd-3s8wpdnf71
en-knrjk0a1gp,pt-ljkuzx3y8h,pd-1nasrhdjhv,7007,co-yly4xno8c0,sd-2lx98atcp0
en-l299mdx29i,pt-ljv5blx4vb,pd-1nasrhdjhv,17654,co-yly4xno8c0,sd-2lx98atcp0
en-m7srkh9qay,pt-r22hejnzwv,pd-1nasrhdjhv,2078,co-yly4xno8c0,sd-2lx98atcp0
en-m8g4iq6aze,pt-tyk26seuny,pd-1nasrhdjhv,5509,co-yly4xno8c0,sd-2lx98atcp0
en-m9b9fyjc49,pt-2tcvf9d0mr,pd-v5mqi1nr9t,17957,co-yly4xno8c0,sd-2lx98atcp0
en-n43dh26vft,pt-hmejx0uz9s,pd-1nasrhdjhv,2113,co-yly4xno8c0,sd-2lx98atcp0
en-n6qtvc8xne,pt-wjcidufzz8,pd-1nasrhdjhv,12371,co-yly4xno8c0,sd-2lx98atcp0
en-nv2jnkrhov,pt-wjcidufzz8,pd-v5mqi1nr9t,11482,co-yly4xno8c0,sd-2lx98atcp0
en-o3tc9y3r1e,pt-2px245swmn,pd-1nasrhdjhv,13303,co-yly4xno8c0,sd-2lx98atcp0
en-p09jfo6uyf,pt-hmejx0uz9s,pd-v5mqi1nr9t,1690,co-yly4xno8c0,sd-2lx98atcp0
en-p7bwjxjr89,pt-ti0pzgxycp,pd-1xae2rmewt,5732,co-tam2ciyi45,sd-3s8wpdnf71
en-piitsol95e,pt-undm70vrd3,pd-1nasrhdjhv,10869,co-yly4xno8c0,sd-2lx98atcp0
en-psdcahprqw,pt-undm70vrd3,pd-v5mqi1nr9t,10665,co-yly4xno8c0,sd-2lx98atcp0
en-q129c96jwm,pt-72iwinqiw2,pd-58ok1sysct,11013,co-tam2ciyi45,sd-3s8wpdnf71
en-q1egnr34ll,pt-pkqb7v1zxd,pd-1nasrhdjhv,7106,co-yly4xno8c0,sd-2lx98atcp0
en-qartmoyz85,pt-54i7xpb3so,pd-1nasrhdjhv,4715,co-yly4xno8c0,sd-2lx98atcp0
en-qaspjjc6xk,pt-3746e85sta,pd-1xae2rmewt,9809,co-tam2ciyi45,sd-3s8wpdnf71
en-r7bzto7yv0,pt-3heturwy6c,pd-1nasrhdjhv,16383,co-yly4xno8c0,sd-2lx98atcp0
en-r9jmff4gz5,pt-ljkuzx3y8h,pd-1nasrhdjhv,7872,co-yly4xno8c0,sd-2lx98atcp0
en-re5c9kzl4g,pt-54i7xpb3so,pd-v5mqi1nr9t,3847,co-yly4xno8c0,sd-2lx98atcp0
en-sihh36j4bo,pt-r8x9pj0tys,pd-1nasrhdjhv,12364,co-yly4xno8c0,sd-2lx98atcp0
en-snfsdthc3l,pt-p8lz6kia0j,pd-1xae2rmewt,782,co-tam2ciyi45,sd-3s8wpdnf71
en-spobtehzht,pt-0mz8ptoiqy,pd-1nasrhdjhv,17617,co-yly4xno8c0,sd-2lx98atcp0
en-t16w8ysicm,pt-ju11ude3rq,pd-58ok1sysct,2960,co-tam2ciyi45,sd-3s8wpdnf71
en-t9bwyprx5q,pt-9mylk1ozmd,pd-v5mqi1nr9t,1082,co-yly4xno8c0,sd-2lx98atcp0
en-tefw9pzcqd,pt-ju11ude3rq,pd-1xae2rmewt,1914,co-tam2ciyi45,sd-3s8wpdnf71
en-u7v47av9ah,pt-455yp3stzr,pd-58ok1sysct,9069,co-tam2ciyi45,sd-3s8wpdnf71
en-u91g5noeql,pt-9gk8jq9c8a,pd-1xae2rmewt,7774,co-tam2ciyi45,sd-3s8wpdnf71
en-u93vrde8oe,pt-0yxamgf21w,pd-v5mqi1nr9t,6212,co-yly4xno8c0,sd-2lx98atcp0
en-ulcinr5rwe,pt-72iwinqiw2,pd-58ok1sysct,10382,co-tam2ciyi45,sd-3s8wpdnf71
en-uoiadmev43,pt-hmejx0uz9s,pd-1nasrhdjhv,2504,co-yly4xno8c0,sd-2lx98atcp0
en-utdf30g4sz,pt-ju11ude3rq,pd-58ok1sysct,3284,co-tam2ciyi45,sd-3s8wpdnf71
en-uxkwnqdefb,pt-8737trkhec,pd-1nasrhdjhv,9871,co-yly4xno8c0,sd-2lx98atcp0
en-uy3d597ur6,pt-e1qowyg6qe,pd-1xae2rmewt,4950,co-tam2ciyi45,sd-3s8wpdnf71
en-vf2xqp0cgw,pt-72iwinqiw2,pd-58ok1sysct,10776,co-tam2ciyi45,sd-3s8wpdnf71
en-vj5z3vr1jp,pt-r8x9pj0tys,pd-1nasrhdjhv,12744,co-yly4xno8c0,sd-2lx98atcp0
en-vm322d7vf8,pt-0y0gjl36rz,pd-1nasrhdjhv,14106,co-yly4xno8c0,sd-2lx98atcp0
en-vnqmkjs6yh,pt-a15eslmrz3,pd-1xae2rmewt,11982,co-tam2ciyi45,sd-3s8wpdnf71
en-vw8088hbev,pt-f39hc6n8dq,pd-1nasrhdjhv,620,co-yly4xno8c0,sd-2lx98atcp0
en-vwr8pv583f,pt-72iwinqiw2,pd-1xae2rmewt,9857,co-tam2ciyi45,sd-3s8wpdnf71
en-wk37ruji9h,pt-6vj8yjqt9f,pd-v5mqi1nr9t,10108,co-yly4xno8c0,sd-2lx98atcp0
en-wmnvmcugkg,pt-sv38knyk22,pd-1xae2rmewt,1657,co-tam2ciyi45,sd-3s8wpdnf71
en-ww2ja9pj9i,pt-oic36wj8i0,pd-58ok1sysct,7577,co-tam2ciyi45,sd-3s8wpdnf71
en-x0thwtgjf6,pt-54i7xpb3so,pd-1nasrhdjhv,4144,co-yly4xno8c0,sd-2lx98atcp0
en-x285qbotal,pt-ljv5blx4vb,pd-1nasrhdjhv,18232,co-yly4xno8c0,sd-2lx98atcp0
en-xjnxwoy1n5,pt-455yp3stzr,pd-1xae2rmewt,8651,co-tam2ciyi45,sd-3s8wpdnf71
en-xz2hbgwzn6,pt-9gk8jq9c8a,pd-58ok1sysct,8612,co-tam2ciyi45,sd-3s8wpdnf71
en-xzzexxf6sl,pt-l98koluj11,pd-1nasrhdjhv,2331,co-yly4xno8c0,sd-2lx98atcp0
en-yy5va4j9ek,pt-lo3ubn20z3,pd-58ok1sysct,4164,co-tam2ciyi45,sd-3s8wpdnf71
en-z37eh1zbah,pt-2tcvf9d0mr,pd-1nasrhdjhv,18708,co-yly4xno8c0,sd-2lx98atcp0
en-zm09xauzpg,pt-lo3ubn20z3,pd-1xae2rmewt,3575,co-tam2ciyi45,sd-3s8wpdnf71
en-zpk2a5e9x0,pt-pkqb7v1zxd,pd-1nasrhdjhv,6618,co-yly4xno8c0,sd-2lx98atcp0
en-zso7zafqqb,pt-undm70vrd3,pd-1nasrhdjhv,12491,co-yly4xno8c0,sd-2lx98atcp0
en-zuhsbjz5wa,pt-ljv5blx4vb,pd-1nasrhdjhv,17035,co-yly4xno8c0,sd-2lx98atcp0
