family_membership_id,family_id,subject_id,family_role,access_policy_id,study_id
fmb-0h1ud9othq,gr-87lzvahybi,pt-3heturwy6c,KIN:028,co-yly4xno8c0,sd-2lx98atcp0
fmb-19jm0txal2,gr-i1ue0qin9w,pt-l98koluj11,snomedct:85900004,co-yly4xno8c0,sd-2lx98atcp0
fmb-19l0b69lwo,gr-zf9y99gaje,pt-onkaogf9n1,snomedct:85900004,co-tam2ciyi45,sd-3s8wpdnf71
fmb-1e9c816j69,gr-x8t1druio3,pt-xoyf6cflcc,snomedct:85900004,co-tam2ciyi45,sd-3s8wpdnf71
fmb-1gmoslzj31,gr-y2o3d7nwvm,pt-0mz8ptoiqy,KIN:027,co-yly4xno8c0,sd-2lx98atcp0
fmb-1z1n9lvgfn,gr-xogbo0i77i,pt-wjcidufzz8,KIN:027,co-yly4xno8c0,sd-2lx98atcp0
fmb-2a1h6r8s4t,gr-a4jmkf3hmb,pt-lo3ubn20z3,snomedct:85900004,co-tam2ciyi45,sd-3s8wpdnf71
fmb-2v8tc3c742,gr-g3m1f955mo,pt-hmejx0uz9s,snomedct:85900004,co-yly4xno8c0,sd-2lx98atcp0
fmb-47rr1dxfv8,gr-xogbo0i77i,pt-j86rjc1yiy,KIN:028,co-yly4xno8c0,sd-2lx98atcp0
fmb-4s8zym21x2,gr-pjg6syepak,pt-p8lz6kia0j,snomedct:85900004,co-tam2ciyi45,sd-3s8wpdnf71
fmb-645ct2lh52,gr-dw1i7se19t,pt-ljv5blx4vb,KIN:027,co-yly4xno8c0,sd-2lx98atcp0
fmb-7395siu2sf,gr-7xapo2miv7,pt-2qhnztec9g,snomedct:85900004,co-yly4xno8c0,sd-2lx98atcp0
fmb-7tj5sgx0cl,gr-88gvp0xb9m,pt-2tcvf9d0mr,KIN:027,co-yly4xno8c0,sd-2lx98atcp0
fmb-8k6aved2al,gr-ak7iyas6ix,pt-oic36wj8i0,snomedct:85900004,co-tam2ciyi45,sd-3s8wpdnf71
fmb-a551f1uznd,gr-be10ri4wkd,pt-fhfb8mfhx3,snomedct:85900004,co-yly4xno8c0,sd-2lx98atcp0
fmb-acucu0mlr7,gr-lysgrb1kny,pt-t3ll8jhskm,KIN:028,co-yly4xno8c0,sd-2lx98atcp0
fmb-aq0s0409iw,gr-9dlpx8yoya,pt-ju11ude3rq,snomedct:85900004,co-tam2ciyi45,sd-3s8wpdnf71
fmb-aqdnt9s7di,gr-y2o3d7nwvm,pt-tyk26seuny,snomedct:85900004,co-yly4xno8c0,sd-2lx98atcp0
fmb-bac97kgvz1,gr-zf9y99gaje,pt-m9q9s4y6en,KIN:027,co-tam2ciyi45,sd-3s8wpdnf71
fmb-f0cf4pkxo1,gr-pjg6syepak,pt-223dzfx7g4,KIN:028,co-tam2ciyi45,sd-3s8wpdnf71
fmb-fb8sx5xp2w,gr-88gvp0xb9m,pt-9mylk1ozmd,snomedct:85900004,co-yly4xno8c0,sd-2lx98atcp0
fmb-fbh2x0owpl,gr-znyuulhgxc,pt-p9wydbuq5q,KIN:028,co-tam2ciyi45,sd-3s8wpdnf71
fmb-foj6iwy31e,gr-r88okq37o0,pt-z07ixekmp1,snomedct:85900004,co-tam2ciyi45,sd-3s8wpdnf71
fmb-gcu2axsyml,gr-pjg6syepak,pt-rxqwqab2pf,KIN:027,co-tam2ciyi45,sd-3s8wpdnf71
fmb-htnpraruzm,gr-xogbo0i77i,pt-f39hc6n8dq,snomedct:85900004,co-yly4xno8c0,sd-2lx98atcp0
fmb-i9yc7m81k3,gr-zf9y99gaje,pt-72iwinqiw2,KIN:028,co-tam2ciyi45,sd-3s8wpdnf71
fmb-j1twk9vh6h,gr-znyuulhgxc,pt-455yp3stzr,KIN:027,co-tam2ciyi45,sd-3s8wpdnf71
fmb-kealn3jji7,gr-fcybny88t1,pt-sv38knyk22,snomedct:85900004,co-tam2ciyi45,sd-3s8wpdnf71
fmb-kearvsvcnf,gr-16iokvr3dp,pt-op1524v7uh,KIN:007,co-yly4xno8c0,sd-2lx98atcp0
fmb-ll1j1r93cj,gr-b4m81p6827,pt-0yxamgf21w,snomedct:85900004,co-yly4xno8c0,sd-2lx98atcp0
fmb-mqah4kmkj2,gr-ak7iyas6ix,pt-3746e85sta,KIN:027,co-tam2ciyi45,sd-3s8wpdnf71
fmb-od9ird4f2r,gr-7xapo2miv7,pt-2px245swmn,KIN:027,co-yly4xno8c0,sd-2lx98atcp0
fmb-oiw1tlq9t8,gr-8rtgm53791,pt-a15eslmrz3,KIN:027,co-tam2ciyi45,sd-3s8wpdnf71
fmb-p2oduyc6co,gr-8rtgm53791,pt-sdhpmoh9yq,KIN:028,co-tam2ciyi45,sd-3s8wpdnf71
fmb-pmm608r1qk,gr-g3m1f955mo,pt-1ohce2h4jo,KIN:027,co-yly4xno8c0,sd-2lx98atcp0
fmb-r8dcwt8uq3,gr-16iokvr3dp,pt-vvn9rj70ad,snomedct:85900004,co-yly4xno8c0,sd-2lx98atcp0
fmb-rcaf1er3qt,gr-g3m1f955mo,pt-r8x9pj0tys,KIN:028,co-yly4xno8c0,sd-2lx98atcp0
fmb-ri7o0yhrna,gr-88gvp0xb9m,pt-6vj8yjqt9f,KIN:028,co-yly4xno8c0,sd-2lx98atcp0
fmb-rwztb9hd6t,gr-lysgrb1kny,pt-r22hejnzwv,snomedct:85900004,co-yly4xno8c0,sd-2lx98atcp0
fmb-s4c5jr384t,gr-87lzvahybi,pt-8737trkhec,KIN:027,co-yly4xno8c0,sd-2lx98atcp0
fmb-s5dp11hqt1,gr-87lzvahybi,pt-54i7xpb3so,snomedct:85900004,co-yly4xno8c0,sd-2lx98atcp0
fmb-seihbb64hr,gr-lysgrb1kny,pt-q5abjhzige,KIN:027,co-yly4xno8c0,sd-2lx98atcp0
fmb-sn9kplil0u,gr-v5ied6g1qi,pt-89rj8wzflm,snomedct:85900004,co-tam2ciyi45,sd-3s8wpdnf71
fmb-udehbn9w0t,gr-r88okq37o0,pt-k6m1krw8rg,KIN:007,co-tam2ciyi45,sd-3s8wpdnf71
fmb-ufdhq7ld00,gr-712cogepvh,pt-ti0pzgxycp,snomedct:85900004,co-tam2ciyi45,sd-3s8wpdnf71
fmb-v0cs6po8jz,gr-8rtgm53791,pt-x2oc43ni3s,snomedct:85900004,co-tam2ciyi45,sd-3s8wpdnf71
fmb-v56izvo9dp,gr-y2o3d7nwvm,pt-yuolgzovn5,KIN:028,co-yly4xno8c0,sd-2lx98atcp0
fmb-v9i2oxdzkh,gr-i1ue0qin9w,pt-0y0gjl36rz,KIN:027,co-yly4xno8c0,sd-2lx98atcp0
fmb-w200msfqv5,gr-ak7iyas6ix,pt-9gk8jq9c8a,KIN:028,co-tam2ciyi45,sd-3s8wpdnf71
fmb-w9lqdxodc0,gr-dw1i7se19t,pt-pkqb7v1zxd,snomedct:85900004,co-yly4xno8c0,sd-2lx98atcp0
fmb-wgqxxr1vwy,gr-i1ue0qin9w,pt-undm70vrd3,KIN:028,co-yly4xno8c0,sd-2lx98atcp0
fmb-z9wn0q5fyb,gr-znyuulhgxc,pt-e1qowyg6qe,snomedct:85900004,co-tam2ciyi45,sd-3s8wpdnf71
