FamilyMembership_family_membership_id,external_id
fmb-0h1ud9othq,https://example.org/cam-testdata/small/FamilyMembership/s02-f0011-father
fmb-19jm0txal2,https://example.org/cam-testdata/small/FamilyMembership/s02-f0002-proband
fmb-19l0b69lwo,https://example.org/cam-testdata/small/FamilyMembership/s01-f0010-proband
fmb-1e9c816j69,https://example.org/cam-testdata/small/FamilyMembership/s01-f0003-proband
fmb-1gmoslzj31,https://example.org/cam-testdata/small/FamilyMembership/s02-f0004-mother
fmb-1z1n9lvgfn,https://example.org/cam-testdata/small/FamilyMembership/s02-f0012-mother
fmb-2a1h6r8s4t,https://example.org/cam-testdata/small/FamilyMembership/s01-f0001-proband
fmb-2v8tc3c742,https://example.org/cam-testdata/small/FamilyMembership/s02-f0009-proband
fmb-47rr1dxfv8,https://example.org/cam-testdata/small/FamilyMembership/s02-f0012-father
fmb-4s8zym21x2,https://example.org/cam-testdata/small/FamilyMembership/s01-f0002-proband
fmb-645ct2lh52,https://example.org/cam-testdata/small/FamilyMembership/s02-f0006-mother
fmb-7395siu2sf,https://example.org/cam-testdata/small/FamilyMembership/s02-f0010-proband
fmb-7tj5sgx0cl,https://example.org/cam-testdata/small/FamilyMembership/s02-f0003-mother
fmb-8k6aved2al,https://example.org/cam-testdata/small/FamilyMembership/s01-f0006-proband
fmb-a551f1uznd,https://example.org/cam-testdata/small/FamilyMembership/s02-f0008-proband
fmb-acucu0mlr7,https://example.org/cam-testdata/small/FamilyMembership/s02-f0001-father
fmb-aq0s0409iw,https://example.org/cam-testdata/small/FamilyMembership/s01-f0005-proband
fmb-aqdnt9s7di,https://example.org/cam-testdata/small/FamilyMembership/s02-f0004-proband
fmb-bac97kgvz1,https://example.org/cam-testdata/small/FamilyMembership/s01-f0010-mother
fmb-f0cf4pkxo1,https://example.org/cam-testdata/small/FamilyMembership/s01-f0002-father
fmb-fb8sx5xp2w,https://example.org/cam-testdata/small/FamilyMembership/s02-f0003-proband
fmb-fbh2x0owpl,https://example.org/cam-testdata/small/FamilyMembership/s01-f0011-father
fmb-foj6iwy31e,https://example.org/cam-testdata/small/FamilyMembership/s01-f0012-proband
fmb-gcu2axsyml,https://example.org/cam-testdata/small/FamilyMembership/s01-f0002-mother
fmb-htnpraruzm,https://example.org/cam-testdata/small/FamilyMembership/s02-f0012-proband
fmb-i9yc7m81k3,https://example.org/cam-testdata/small/FamilyMembership/s01-f0010-father
fmb-j1twk9vh6h,https://example.org/cam-testdata/small/FamilyMembership/s01-f0011-mother
fmb-kealn3jji7,https://example.org/cam-testdata/small/FamilyMembership/s01-f0007-proband
fmb-kearvsvcnf,https://example.org/cam-testdata/small/FamilyMembership/s02-f0005-sibling
fmb-ll1j1r93cj,https://example.org/cam-testdata/small/FamilyMembership/s02-f0007-proband
fmb-mqah4kmkj2,https://example.org/cam-testdata/small/FamilyMembership/s01-f0006-mother
fmb-od9ird4f2r,https://example.org/cam-testdata/small/FamilyMembership/s02-f0010-mother
fmb-oiw1tlq9t8,https://example.org/cam-testdata/small/FamilyMembership/s01-f0004-mother
fmb-p2oduyc6co,https://example.org/cam-testdata/small/FamilyMembership/s01-f0004-father
fmb-pmm608r1qk,https://example.org/cam-testdata/small/FamilyMembership/s02-f0009-mother
fmb-r8dcwt8uq3,https://example.org/cam-testdata/small/FamilyMembership/s02-f0005-proband
fmb-rcaf1er3qt,https://example.org/cam-testdata/small/FamilyMembership/s02-f0009-father
fmb-ri7o0yhrna,https://example.org/cam-testdata/small/FamilyMembership/s02-f0003-father
fmb-rwztb9hd6t,https://example.org/cam-testdata/small/FamilyMembership/s02-f0001-proband
fmb-s4c5jr384t,https://example.org/cam-testdata/small/FamilyMembership/s02-f0011-mother
fmb-s5dp11hqt1,https://example.org/cam-testdata/small/FamilyMembership/s02-f0011-proband
fmb-seihbb64hr,https://example.org/cam-testdata/small/FamilyMembership/s02-f0001-mother
fmb-sn9kplil0u,https://example.org/cam-testdata/small/FamilyMembership/s01-f0008-proband
fmb-udehbn9w0t,https://example.org/cam-testdata/small/FamilyMembership/s01-f0012-sibling
fmb-ufdhq7ld00,https://example.org/cam-testdata/small/FamilyMembership/s01-f0009-proband
fmb-v0cs6po8jz,https://example.org/cam-testdata/small/FamilyMembership/s01-f0004-proband
fmb-v56izvo9dp,https://example.org/cam-testdata/small/FamilyMembership/s02-f0004-father
fmb-v9i2oxdzkh,https://example.org/cam-testdata/small/FamilyMembership/s02-f0002-mother
fmb-w200msfqv5,https://example.org/cam-testdata/small/FamilyMembership/s01-f0006-father
fmb-w9lqdxodc0,https://example.org/cam-testdata/small/FamilyMembership/s02-f0006-proband
fmb-wgqxxr1vwy,https://example.org/cam-testdata/small/FamilyMembership/s02-f0002-father
fmb-z9wn0q5fyb,https://example.org/cam-testdata/small/FamilyMembership/s01-f0011-proband
