family_relationship_id,family_member_id,relation,subject_id,access_policy_id,study_id
fm-1lj60j5ttl,pt-q5abjhzige,KIN:027,pt-r22hejnzwv,co-yly4xno8c0,sd-2lx98atcp0
fm-3901gmhqsd,pt-3heturwy6c,KIN:028,pt-54i7xpb3so,co-yly4xno8c0,sd-2lx98atcp0
fm-4oijefqmp3,pt-0mz8ptoiqy,KIN:027,pt-tyk26seuny,co-yly4xno8c0,sd-2lx98atcp0
fm-7bibs9inmb,pt-k6m1krw8rg,KIN:007,pt-z07ixekmp1,co-tam2ciyi45,sd-3s8wpdnf71
fm-8a3mbp8l40,pt-72iwinqiw2,KIN:028,pt-onkaogf9n1,co-tam2ciyi45,sd-3s8wpdnf71
fm-9vbnj46o1c,pt-455yp3stzr,KIN:027,pt-e1qowyg6qe,co-tam2ciyi45,sd-3s8wpdnf71
fm-aplnnz3kfr,pt-3746e85sta,KIN:027,pt-oic36wj8i0,co-tam2ciyi45,sd-3s8wpdnf71
fm-apr0azc6vx,pt-a15eslmrz3,KIN:027,pt-x2oc43ni3s,co-tam2ciyi45,sd-3s8wpdnf71
fm-bckizjmffy,pt-223dzfx7g4,KIN:028,pt-p8lz6kia0j,co-tam2ciyi45,sd-3s8wpdnf71
fm-btaroulsv9,pt-8737trkhec,KIN:027,pt-54i7xpb3so,co-yly4xno8c0,sd-2lx98atcp0
fm-cpi2c0rx3r,pt-2tcvf9d0mr,KIN:027,pt-9mylk1ozmd,co-yly4xno8c0,sd-2lx98atcp0
fm-dn0zys7hkb,pt-9gk8jq9c8a,KIN:028,pt-oic36wj8i0,co-tam2ciyi45,sd-3s8wpdnf71
fm-fbqm5oltat,pt-op1524v7uh,KIN:007,pt-vvn9rj70ad,co-yly4xno8c0,sd-2lx98atcp0
fm-ka758mnupm,pt-p9wydbuq5q,KIN:028,pt-e1qowyg6qe,co-tam2ciyi45,sd-3s8wpdnf71
fm-kr1crfqeuw,pt-j86rjc1yiy,KIN:028,pt-f39hc6n8dq,co-yly4xno8c0,sd-2lx98atcp0
fm-lapxao03ag,pt-yuolgzovn5,KIN:028,pt-tyk26seuny,co-yly4xno8c0,sd-2lx98atcp0
fm-m2rnu0b4ir,pt-t3ll8jhskm,KIN:028,pt-r22hejnzwv,co-yly4xno8c0,sd-2lx98atcp0
fm-mly6z9jgej,pt-r8x9pj0tys,KIN:028,pt-hmejx0uz9s,co-yly4xno8c0,sd-2lx98atcp0
fm-ndbzvpv2la,pt-ljv5blx4vb,KIN:027,pt-pkqb7v1zxd,co-yly4xno8c0,sd-2lx98atcp0
fm-r99cdt95tz,pt-m9q9s4y6en,KIN:027,pt-onkaogf9n1,co-tam2ciyi45,sd-3s8wpdnf71
fm-ru8zfg6off,pt-1ohce2h4jo,KIN:027,pt-hmejx0uz9s,co-yly4xno8c0,sd-2lx98atcp0
fm-sx5k4wr5vf,pt-rxqwqab2pf,KIN:027,pt-p8lz6kia0j,co-tam2ciyi45,sd-3s8wpdnf71
fm-sz5nqpfy67,pt-sdhpmoh9yq,KIN:028,pt-x2oc43ni3s,co-tam2ciyi45,sd-3s8wpdnf71
fm-uio40fwh2o,pt-undm70vrd3,KIN:028,pt-l98koluj11,co-yly4xno8c0,sd-2lx98atcp0
fm-uwm6v2w9gs,pt-0y0gjl36rz,KIN:027,pt-l98koluj11,co-yly4xno8c0,sd-2lx98atcp0
fm-wekrzatifn,pt-2px245swmn,KIN:027,pt-2qhnztec9g,co-yly4xno8c0,sd-2lx98atcp0
fm-xveksgydqr,pt-6vj8yjqt9f,KIN:028,pt-9mylk1ozmd,co-yly4xno8c0,sd-2lx98atcp0
fm-z7ay4qx9oc,pt-wjcidufzz8,KIN:027,pt-f39hc6n8dq,co-yly4xno8c0,sd-2lx98atcp0
