family_id,family_type,family_description,consanguinity,family_study_focus,access_policy_id,study_id
gr-16iokvr3dp,CAMO:0000007,,,,co-yly4xno8c0,sd-2lx98atcp0
gr-712cogepvh,CAMO:0000007,,,,co-tam2ciyi45,sd-3s8wpdnf71
gr-7xapo2miv7,CAMO:0000003,,,,co-yly4xno8c0,sd-2lx98atcp0
gr-87lzvahybi,CAMO:0000004,,,,co-yly4xno8c0,sd-2lx98atcp0
gr-88gvp0xb9m,CAMO:0000004,,,,co-yly4xno8c0,sd-2lx98atcp0
gr-8rtgm53791,CAMO:0000004,,,,co-tam2ciyi45,sd-3s8wpdnf71
gr-9dlpx8yoya,CAMO:0000007,,,,co-tam2ciyi45,sd-3s8wpdnf71
gr-a4jmkf3hmb,CAMO:0000007,,,,co-tam2ciyi45,sd-3s8wpdnf71
gr-ak7iyas6ix,CAMO:0000004,,,,co-tam2ciyi45,sd-3s8wpdnf71
gr-b4m81p6827,CAMO:0000007,,,,co-yly4xno8c0,sd-2lx98atcp0
gr-be10ri4wkd,CAMO:0000007,,,,co-yly4xno8c0,sd-2lx98atcp0
gr-dw1i7se19t,CAMO:0000003,,,,co-yly4xno8c0,sd-2lx98atcp0
gr-fcybny88t1,CAMO:0000007,,,,co-tam2ciyi45,sd-3s8wpdnf71
gr-g3m1f955mo,CAMO:0000004,,,,co-yly4xno8c0,sd-2lx98atcp0
gr-i1ue0qin9w,CAMO:0000004,,,,co-yly4xno8c0,sd-2lx98atcp0
gr-lysgrb1kny,CAMO:0000004,,,,co-yly4xno8c0,sd-2lx98atcp0
gr-pjg6syepak,CAMO:0000004,,,,co-tam2ciyi45,sd-3s8wpdnf71
gr-r88okq37o0,CAMO:0000007,,,,co-tam2ciyi45,sd-3s8wpdnf71
gr-v5ied6g1qi,CAMO:0000007,,,,co-tam2ciyi45,sd-3s8wpdnf71
gr-x8t1druio3,CAMO:0000007,,,,co-tam2ciyi45,sd-3s8wpdnf71
gr-xogbo0i77i,CAMO:0000004,,,,co-yly4xno8c0,sd-2lx98atcp0
gr-y2o3d7nwvm,CAMO:0000004,,,,co-yly4xno8c0,sd-2lx98atcp0
gr-zf9y99gaje,CAMO:0000004,,,,co-tam2ciyi45,sd-3s8wpdnf71
gr-znyuulhgxc,CAMO:0000004,,,,co-tam2ciyi45,sd-3s8wpdnf71
