Family_family_id,external_id
gr-16iokvr3dp,https://example.org/cam-testdata/small/Family/s02-f0005
gr-712cogepvh,https://example.org/cam-testdata/small/Family/s01-f0009
gr-7xapo2miv7,https://example.org/cam-testdata/small/Family/s02-f0010
gr-87lzvahybi,https://example.org/cam-testdata/small/Family/s02-f0011
gr-88gvp0xb9m,https://example.org/cam-testdata/small/Family/s02-f0003
gr-8rtgm53791,https://example.org/cam-testdata/small/Family/s01-f0004
gr-9dlpx8yoya,https://example.org/cam-testdata/small/Family/s01-f0005
gr-a4jmkf3hmb,https://example.org/cam-testdata/small/Family/s01-f0001
gr-ak7iyas6ix,https://example.org/cam-testdata/small/Family/s01-f0006
gr-b4m81p6827,https://example.org/cam-testdata/small/Family/s02-f0007
gr-be10ri4wkd,https://example.org/cam-testdata/small/Family/s02-f0008
gr-dw1i7se19t,https://example.org/cam-testdata/small/Family/s02-f0006
gr-fcybny88t1,https://example.org/cam-testdata/small/Family/s01-f0007
gr-g3m1f955mo,https://example.org/cam-testdata/small/Family/s02-f0009
gr-i1ue0qin9w,https://example.org/cam-testdata/small/Family/s02-f0002
gr-lysgrb1kny,https://example.org/cam-testdata/small/Family/s02-f0001
gr-pjg6syepak,https://example.org/cam-testdata/small/Family/s01-f0002
gr-r88okq37o0,https://example.org/cam-testdata/small/Family/s01-f0012
gr-v5ied6g1qi,https://example.org/cam-testdata/small/Family/s01-f0008
gr-x8t1druio3,https://example.org/cam-testdata/small/Family/s01-f0003
gr-xogbo0i77i,https://example.org/cam-testdata/small/Family/s02-f0012
gr-y2o3d7nwvm,https://example.org/cam-testdata/small/Family/s02-f0004
gr-zf9y99gaje,https://example.org/cam-testdata/small/Family/s01-f0010
gr-znyuulhgxc,https://example.org/cam-testdata/small/Family/s01-f0011
