FamilyRelationship_family_relationship_id,external_id
fm-1lj60j5ttl,https://example.org/cam-testdata/small/FamilyRelationship/s02-f0001-mother-of-proband
fm-3901gmhqsd,https://example.org/cam-testdata/small/FamilyRelationship/s02-f0011-father-of-proband
fm-4oijefqmp3,https://example.org/cam-testdata/small/FamilyRelationship/s02-f0004-mother-of-proband
fm-7bibs9inmb,https://example.org/cam-testdata/small/FamilyRelationship/s01-f0012-sibling-of-proband
fm-8a3mbp8l40,https://example.org/cam-testdata/small/FamilyRelationship/s01-f0010-father-of-proband
fm-9vbnj46o1c,https://example.org/cam-testdata/small/FamilyRelationship/s01-f0011-mother-of-proband
fm-aplnnz3kfr,https://example.org/cam-testdata/small/FamilyRelationship/s01-f0006-mother-of-proband
fm-apr0azc6vx,https://example.org/cam-testdata/small/FamilyRelationship/s01-f0004-mother-of-proband
fm-bckizjmffy,https://example.org/cam-testdata/small/FamilyRelationship/s01-f0002-father-of-proband
fm-btaroulsv9,https://example.org/cam-testdata/small/FamilyRelationship/s02-f0011-mother-of-proband
fm-cpi2c0rx3r,https://example.org/cam-testdata/small/FamilyRelationship/s02-f0003-mother-of-proband
fm-dn0zys7hkb,https://example.org/cam-testdata/small/FamilyRelationship/s01-f0006-father-of-proband
fm-fbqm5oltat,https://example.org/cam-testdata/small/FamilyRelationship/s02-f0005-sibling-of-proband
fm-ka758mnupm,https://example.org/cam-testdata/small/FamilyRelationship/s01-f0011-father-of-proband
fm-kr1crfqeuw,https://example.org/cam-testdata/small/FamilyRelationship/s02-f0012-father-of-proband
fm-lapxao03ag,https://example.org/cam-testdata/small/FamilyRelationship/s02-f0004-father-of-proband
fm-m2rnu0b4ir,https://example.org/cam-testdata/small/FamilyRelationship/s02-f0001-father-of-proband
fm-mly6z9jgej,https://example.org/cam-testdata/small/FamilyRelationship/s02-f0009-father-of-proband
fm-ndbzvpv2la,https://example.org/cam-testdata/small/FamilyRelationship/s02-f0006-mother-of-proband
fm-r99cdt95tz,https://example.org/cam-testdata/small/FamilyRelationship/s01-f0010-mother-of-proband
fm-ru8zfg6off,https://example.org/cam-testdata/small/FamilyRelationship/s02-f0009-mother-of-proband
fm-sx5k4wr5vf,https://example.org/cam-testdata/small/FamilyRelationship/s01-f0002-mother-of-proband
fm-sz5nqpfy67,https://example.org/cam-testdata/small/FamilyRelationship/s01-f0004-father-of-proband
fm-uio40fwh2o,https://example.org/cam-testdata/small/FamilyRelationship/s02-f0002-father-of-proband
fm-uwm6v2w9gs,https://example.org/cam-testdata/small/FamilyRelationship/s02-f0002-mother-of-proband
fm-wekrzatifn,https://example.org/cam-testdata/small/FamilyRelationship/s02-f0010-mother-of-proband
fm-xveksgydqr,https://example.org/cam-testdata/small/FamilyRelationship/s02-f0003-father-of-proband
fm-z7ay4qx9oc,https://example.org/cam-testdata/small/FamilyRelationship/s02-f0012-mother-of-proband
