File_file_id,sample_id_sample_id
dr-3ay88rjpq7,bs-mkwfg60t6o
dr-57nzhcprk0,bs-2lujybqhao
dr-5u4yj6t1qz,bs-fpd4arpkia
dr-5u4yj6t1qz,bs-mkwfg60t6o
dr-6rz35r1dcn,bs-zznq3y70wq
dr-7cmrrchrb2,bs-4738chr6tm
dr-9gn7m31rwj,bs-aq1hmsfl13
dr-9gn7m31rwj,bs-xl9a6llxio
dr-9gn7m31rwj,bs-zznq3y70wq
dr-a5t68p77a3,bs-20483amku9
dr-am7lr2y8ef,bs-c9m3animcq
dr-ay99mw28h9,bs-bm46zush6y
dr-czqmekc4k9,bs-7i4ai02qm7
dr-dv899gzt40,bs-pu48nhp9on
dr-fdxdtru8l2,bs-4ez6za4vnj
dr-fpe7cm9118,bs-fpd4arpkia
dr-gfqyfal0g4,bs-ownnxjyr9y
dr-jttmffjdeu,bs-x12ulavrim
dr-ko8n1f4o85,bs-k29u6tlui0
dr-kxejd1xust,bs-qfaoo63s3j
dr-l2tutwpe1u,bs-po7nbit95v
dr-l4caxcumdx,bs-aq1hmsfl13
dr-nt2q04ykzv,bs-5rgzjle102
dr-pl4h7luiyj,bs-c9m3animcq
dr-pl4h7luiyj,bs-debyobor67
dr-pl4h7luiyj,bs-qfaoo63s3j
dr-q8dppwlx74,bs-qm0dlp7ik5
dr-rthti3h8qh,bs-debyobor67
dr-u9la8l8rae,bs-08dyug60bv
dr-u9la8l8rae,bs-4738chr6tm
dr-vqp87va56v,bs-08dyug60bv
dr-w6fcc1x2x3,bs-i68v99tbwy
dr-wjooqqfn1g,bs-o1smndjojs
dr-wyy6htjq29,bs-8oa86ma9ot
dr-zmk9npxmdg,bs-xl9a6llxio
