File_file_id,external_id
dr-3ay88rjpq7,https://example.org/cam-testdata/small/File/s01-f0002-proband-cram
dr-57nzhcprk0,https://example.org/cam-testdata/small/File/s02-returning-s01-f0005-proband-cram
dr-5u4yj6t1qz,https://example.org/cam-testdata/small/File/s01-f0002-joint-vcf
dr-6rz35r1dcn,https://example.org/cam-testdata/small/File/s02-f0002-father-cram
dr-7cmrrchrb2,https://example.org/cam-testdata/small/File/s02-f0004-father-cram
dr-9gn7m31rwj,https://example.org/cam-testdata/small/File/s02-f0002-joint-vcf
dr-a5t68p77a3,https://example.org/cam-testdata/small/File/s01-f0012-proband-cram
dr-am7lr2y8ef,https://example.org/cam-testdata/small/File/s02-f0012-father-cram
dr-ay99mw28h9,https://example.org/cam-testdata/small/File/s01-f0003-proband-cram
dr-czqmekc4k9,https://example.org/cam-testdata/small/File/s02-f0003-proband-cram
dr-dv899gzt40,https://example.org/cam-testdata/small/File/s02-f0008-proband-cram
dr-fdxdtru8l2,https://example.org/cam-testdata/small/File/s01-f0004-proband-cram
dr-fpe7cm9118,https://example.org/cam-testdata/small/File/s01-f0002-mother-cram
dr-gfqyfal0g4,https://example.org/cam-testdata/small/File/s02-f0001-proband-cram
dr-jttmffjdeu,https://example.org/cam-testdata/small/File/s02-f0011-father-cram
dr-ko8n1f4o85,https://example.org/cam-testdata/small/File/s02-f0009-father-cram
dr-kxejd1xust,https://example.org/cam-testdata/small/File/s02-f0012-proband-cram
dr-l2tutwpe1u,https://example.org/cam-testdata/small/File/s01-f0006-father-cram
dr-l4caxcumdx,https://example.org/cam-testdata/small/File/s02-f0002-mother-cram
dr-lix3bceyj5,https://example.org/cam-testdata/small/File/s02-clinical
dr-nt2q04ykzv,https://example.org/cam-testdata/small/File/s02-f0005-proband-cram
dr-pasezan1az,https://example.org/cam-testdata/small/File/s01-clinical
dr-pl4h7luiyj,https://example.org/cam-testdata/small/File/s02-f0012-joint-vcf
dr-q8dppwlx74,https://example.org/cam-testdata/small/File/s02-f0010-proband-cram
dr-rthti3h8qh,https://example.org/cam-testdata/small/File/s02-f0012-mother-cram
dr-u9la8l8rae,https://example.org/cam-testdata/small/File/s02-f0004-joint-vcf
dr-vqp87va56v,https://example.org/cam-testdata/small/File/s02-f0004-proband-cram
dr-w6fcc1x2x3,https://example.org/cam-testdata/small/File/s01-f0011-proband-cram
dr-wjooqqfn1g,https://example.org/cam-testdata/small/File/s02-f0006-proband-cram
dr-wyy6htjq29,https://example.org/cam-testdata/small/File/s02-f0003-father-cram
dr-zmk9npxmdg,https://example.org/cam-testdata/small/File/s02-f0002-proband-cram
