file_id,filename,file_extension,data_category,data_type,format,size,internal_uri,release_uri,drs_uri,storage_class,availability,access_policy_id,study_id
dr-3ay88rjpq7,s01-f0002-proband-cram.cram,.cram,edam:topic_3673,edam:data_0863,edam:format_3462,269148449,,,,,,co-tam2ciyi45,sd-3s8wpdnf71
dr-57nzhcprk0,s02-returning-s01-f0005-proband-cram.cram,.cram,edam:topic_3673,edam:data_0863,edam:format_3462,1759646869,,,,,,co-yly4xno8c0,sd-2lx98atcp0
dr-5u4yj6t1qz,s01-f0002-joint-vcf.vcf.gz,.vcf.gz,edam:topic_0199,edam:data_3498,edam:format_3016,241393766,,,,,,co-tam2ciyi45,sd-3s8wpdnf71
dr-6rz35r1dcn,s02-f0002-father-cram.cram,.cram,edam:topic_3673,edam:data_0863,edam:format_3462,2030818155,,,,,,co-yly4xno8c0,sd-2lx98atcp0
dr-7cmrrchrb2,s02-f0004-father-cram.cram,.cram,edam:topic_3673,edam:data_0863,edam:format_3462,1617726871,,,,,,co-yly4xno8c0,sd-2lx98atcp0
dr-9gn7m31rwj,s02-f0002-joint-vcf.vcf.gz,.vcf.gz,edam:topic_0199,edam:data_3498,edam:format_3016,3867325,,,,,,co-yly4xno8c0,sd-2lx98atcp0
dr-a5t68p77a3,s01-f0012-proband-cram.cram,.cram,edam:topic_3673,edam:data_0863,edam:format_3462,63999109,,,,,,co-tam2ciyi45,sd-3s8wpdnf71
dr-am7lr2y8ef,s02-f0012-father-cram.cram,.cram,edam:topic_3673,edam:data_0863,edam:format_3462,1630338093,,,,,,co-yly4xno8c0,sd-2lx98atcp0
dr-ay99mw28h9,s01-f0003-proband-cram.cram,.cram,edam:topic_3673,edam:data_0863,edam:format_3462,2131530439,,,,,,co-tam2ciyi45,sd-3s8wpdnf71
dr-czqmekc4k9,s02-f0003-proband-cram.cram,.cram,edam:topic_3673,edam:data_0863,edam:format_3462,1824847113,,,,,,co-yly4xno8c0,sd-2lx98atcp0
dr-dv899gzt40,s02-f0008-proband-cram.cram,.cram,edam:topic_3673,edam:data_0863,edam:format_3462,1818952457,,,,,,co-yly4xno8c0,sd-2lx98atcp0
dr-fdxdtru8l2,s01-f0004-proband-cram.cram,.cram,edam:topic_3673,edam:data_0863,edam:format_3462,1191594557,,,,,,co-tam2ciyi45,sd-3s8wpdnf71
dr-fpe7cm9118,s01-f0002-mother-cram.cram,.cram,edam:topic_3673,edam:data_0863,edam:format_3462,29118500,,,,,,co-tam2ciyi45,sd-3s8wpdnf71
dr-gfqyfal0g4,s02-f0001-proband-cram.cram,.cram,edam:topic_3673,edam:data_0863,edam:format_3462,1164088167,,,,,,co-yly4xno8c0,sd-2lx98atcp0
dr-jttmffjdeu,s02-f0011-father-cram.cram,.cram,edam:topic_3673,edam:data_0863,edam:format_3462,1973164776,,,,,,co-yly4xno8c0,sd-2lx98atcp0
dr-ko8n1f4o85,s02-f0009-father-cram.cram,.cram,edam:topic_3673,edam:data_0863,edam:format_3462,293628947,,,,,,co-yly4xno8c0,sd-2lx98atcp0
dr-kxejd1xust,s02-f0012-proband-cram.cram,.cram,edam:topic_3673,edam:data_0863,edam:format_3462,1149591326,,,,,,co-yly4xno8c0,sd-2lx98atcp0
dr-l2tutwpe1u,s01-f0006-father-cram.cram,.cram,edam:topic_3673,edam:data_0863,edam:format_3462,722882313,,,,,,co-tam2ciyi45,sd-3s8wpdnf71
dr-l4caxcumdx,s02-f0002-mother-cram.cram,.cram,edam:topic_3673,edam:data_0863,edam:format_3462,1615136916,,,,,,co-yly4xno8c0,sd-2lx98atcp0
dr-lix3bceyj5,s02-clinical.tsv,.tsv,edam:topic_0625,,edam:format_3475,1990331037,,,,,,co-yly4xno8c0,sd-2lx98atcp0
dr-nt2q04ykzv,s02-f0005-proband-cram.cram,.cram,edam:topic_3673,edam:data_0863,edam:format_3462,617469313,,,,,,co-yly4xno8c0,sd-2lx98atcp0
dr-pasezan1az,s01-clinical.tsv,.tsv,edam:topic_0625,,edam:format_3475,806508016,,,,,,co-tam2ciyi45,sd-3s8wpdnf71
dr-pl4h7luiyj,s02-f0012-joint-vcf.vcf.gz,.vcf.gz,edam:topic_0199,edam:data_3498,edam:format_3016,425507732,,,,,,co-yly4xno8c0,sd-2lx98atcp0
dr-q8dppwlx74,s02-f0010-proband-cram.cram,.cram,edam:topic_3673,edam:data_0863,edam:format_3462,1976321380,,,,,,co-yly4xno8c0,sd-2lx98atcp0
dr-rthti3h8qh,s02-f0012-mother-cram.cram,.cram,edam:topic_3673,edam:data_0863,edam:format_3462,1203977945,,,,,,co-yly4xno8c0,sd-2lx98atcp0
dr-u9la8l8rae,s02-f0004-joint-vcf.vcf.gz,.vcf.gz,edam:topic_0199,edam:data_3498,edam:format_3016,1355106419,,,,,,co-yly4xno8c0,sd-2lx98atcp0
dr-vqp87va56v,s02-f0004-proband-cram.cram,.cram,edam:topic_3673,edam:data_0863,edam:format_3462,229597494,,,,,,co-yly4xno8c0,sd-2lx98atcp0
dr-w6fcc1x2x3,s01-f0011-proband-cram.cram,.cram,edam:topic_3673,edam:data_0863,edam:format_3462,906440326,,,,,,co-tam2ciyi45,sd-3s8wpdnf71
dr-wjooqqfn1g,s02-f0006-proband-cram.cram,.cram,edam:topic_3673,edam:data_0863,edam:format_3462,1204933874,,,,,,co-yly4xno8c0,sd-2lx98atcp0
dr-wyy6htjq29,s02-f0003-father-cram.cram,.cram,edam:topic_3673,edam:data_0863,edam:format_3462,935296599,,,,,,co-yly4xno8c0,sd-2lx98atcp0
dr-zmk9npxmdg,s02-f0002-proband-cram.cram,.cram,edam:topic_3673,edam:data_0863,edam:format_3462,182732917,,,,,,co-yly4xno8c0,sd-2lx98atcp0
