File_file_id,subject_id_subject_id
dr-3ay88rjpq7,pt-p8lz6kia0j
dr-57nzhcprk0,pt-g7k8bawahu
dr-5u4yj6t1qz,pt-p8lz6kia0j
dr-5u4yj6t1qz,pt-rxqwqab2pf
dr-6rz35r1dcn,pt-undm70vrd3
dr-7cmrrchrb2,pt-yuolgzovn5
dr-9gn7m31rwj,pt-0y0gjl36rz
dr-9gn7m31rwj,pt-l98koluj11
dr-9gn7m31rwj,pt-undm70vrd3
dr-a5t68p77a3,pt-z07ixekmp1
dr-am7lr2y8ef,pt-j86rjc1yiy
dr-ay99mw28h9,pt-xoyf6cflcc
dr-czqmekc4k9,pt-9mylk1ozmd
dr-dv899gzt40,pt-fhfb8mfhx3
dr-fdxdtru8l2,pt-x2oc43ni3s
dr-fpe7cm9118,pt-rxqwqab2pf
dr-gfqyfal0g4,pt-r22hejnzwv
dr-jttmffjdeu,pt-3heturwy6c
dr-ko8n1f4o85,pt-r8x9pj0tys
dr-kxejd1xust,pt-f39hc6n8dq
dr-l2tutwpe1u,pt-9gk8jq9c8a
dr-l4caxcumdx,pt-0y0gjl36rz
dr-lix3bceyj5,pt-0mz8ptoiqy
dr-lix3bceyj5,pt-0y0gjl36rz
dr-lix3bceyj5,pt-0yxamgf21w
dr-lix3bceyj5,pt-1ohce2h4jo
dr-lix3bceyj5,pt-2px245swmn
dr-lix3bceyj5,pt-2qhnztec9g
dr-lix3bceyj5,pt-2tcvf9d0mr
dr-lix3bceyj5,pt-3heturwy6c
dr-lix3bceyj5,pt-54i7xpb3so
dr-lix3bceyj5,pt-6vj8yjqt9f
dr-lix3bceyj5,pt-8737trkhec
dr-lix3bceyj5,pt-9mylk1ozmd
dr-lix3bceyj5,pt-f39hc6n8dq
dr-lix3bceyj5,pt-fhfb8mfhx3
dr-lix3bceyj5,pt-g7k8bawahu
dr-lix3bceyj5,pt-hmejx0uz9s
dr-lix3bceyj5,pt-j86rjc1yiy
dr-lix3bceyj5,pt-l98koluj11
dr-lix3bceyj5,pt-ljkuzx3y8h
dr-lix3bceyj5,pt-ljv5blx4vb
dr-lix3bceyj5,pt-pkqb7v1zxd
dr-lix3bceyj5,pt-q5abjhzige
dr-lix3bceyj5,pt-r22hejnzwv
dr-lix3bceyj5,pt-r8x9pj0tys
dr-lix3bceyj5,pt-t3ll8jhskm
dr-lix3bceyj5,pt-tyk26seuny
dr-lix3bceyj5,pt-undm70vrd3
dr-lix3bceyj5,pt-vvn9rj70ad
dr-lix3bceyj5,pt-wjcidufzz8
dr-lix3bceyj5,pt-yuolgzovn5
dr-nt2q04ykzv,pt-vvn9rj70ad
dr-pasezan1az,pt-223dzfx7g4
dr-pasezan1az,pt-3746e85sta
dr-pasezan1az,pt-455yp3stzr
dr-pasezan1az,pt-72iwinqiw2
dr-pasezan1az,pt-89rj8wzflm
dr-pasezan1az,pt-9gk8jq9c8a
dr-pasezan1az,pt-a15eslmrz3
dr-pasezan1az,pt-e1qowyg6qe
dr-pasezan1az,pt-ju11ude3rq
dr-pasezan1az,pt-lo3ubn20z3
dr-pasezan1az,pt-m9q9s4y6en
dr-pasezan1az,pt-oic36wj8i0
dr-pasezan1az,pt-onkaogf9n1
dr-pasezan1az,pt-p8lz6kia0j
dr-pasezan1az,pt-p9wydbuq5q
dr-pasezan1az,pt-rxqwqab2pf
dr-pasezan1az,pt-sdhpmoh9yq
dr-pasezan1az,pt-sv38knyk22
dr-pasezan1az,pt-ti0pzgxycp
dr-pasezan1az,pt-x2oc43ni3s
dr-pasezan1az,pt-xoyf6cflcc
dr-pasezan1az,pt-z07ixekmp1
dr-pl4h7luiyj,pt-f39hc6n8dq
dr-pl4h7luiyj,pt-j86rjc1yiy
dr-pl4h7luiyj,pt-wjcidufzz8
dr-q8dppwlx74,pt-2qhnztec9g
dr-rthti3h8qh,pt-wjcidufzz8
dr-u9la8l8rae,pt-tyk26seuny
dr-u9la8l8rae,pt-yuolgzovn5
dr-vqp87va56v,pt-tyk26seuny
dr-w6fcc1x2x3,pt-e1qowyg6qe
dr-wjooqqfn1g,pt-pkqb7v1zxd
dr-wyy6htjq29,pt-6vj8yjqt9f
dr-zmk9npxmdg,pt-l98koluj11
