File_file_id,hash_id
dr-3ay88rjpq7,454235717
dr-3ay88rjpq7,1646318231
dr-57nzhcprk0,1265009556
dr-5u4yj6t1qz,1811443486
dr-6rz35r1dcn,998471853
dr-7cmrrchrb2,610082337
dr-9gn7m31rwj,918934343
dr-a5t68p77a3,897388706
dr-am7lr2y8ef,2648435
dr-ay99mw28h9,5831559
dr-czqmekc4k9,818513915
dr-dv899gzt40,100398029
dr-fdxdtru8l2,698577365
dr-fpe7cm9118,38094842
dr-gfqyfal0g4,1713912543
dr-jttmffjdeu,1857147887
dr-ko8n1f4o85,253728629
dr-kxejd1xust,501180582
dr-l2tutwpe1u,407092195
dr-l4caxcumdx,1134906529
dr-l4caxcumdx,1310446253
dr-lix3bceyj5,564956558
dr-nt2q04ykzv,1456863985
dr-pasezan1az,1871384782
dr-pl4h7luiyj,884686414
dr-q8dppwlx74,1448894435
dr-rthti3h8qh,241957505
dr-u9la8l8rae,1544623169
dr-vqp87va56v,549134048
dr-vqp87va56v,953888607
dr-w6fcc1x2x3,166049792
dr-w6fcc1x2x3,499796144
dr-wjooqqfn1g,226023833
dr-wjooqqfn1g,526448442
dr-wyy6htjq29,1590602476
dr-zmk9npxmdg,73171820
