id,hash_type,hash_value
2648435,MS:1000568,20c9ff43dbd127b052a799c8ef1881a9
5831559,MS:1000568,96e8c8b67baaf49d8443961249ec281a
38094842,MS:1000568,2b3bbd21879470f178a7d845a72865f7
73171820,MS:1000568,25cb5fba61e42686d51b11c0e0392841
100398029,MS:1000568,d42b5d50485308a6d4d2f69a4fa9c9d1
166049792,MS:1000568,b01cc90cb0cbb54e4790afc1c991d1f9
226023833,MS:1000569,9f49014628a8929cdcf316210f6ae4c42474bb19
241957505,MS:1000568,a722f8e36358eb7d86996a0c23fc2dd9
253728629,MS:1000568,1d545d25448131f82340cbaede782e2f
407092195,MS:1000568,2e7dfb13e7db1bdc76df2552b3157210
454235717,MS:1000569,3448fa9a9acaeada864c58d81c12f14852fcd745
499796144,MS:1000569,6257261af4d88fdbb700859ece9f1f392e80ff0d
501180582,MS:1000568,36fafacecec39f6d2c5e114cd59ae222
526448442,MS:1000568,36ecfc28cd9e7981ff39f89d00d73207
549134048,MS:1000568,bb7bd159c39dd4ebf13bc97737d3caa5
564956558,MS:1000568,c23a48d39c4db1c019e5196a6c331dfd
610082337,MS:1000568,e252c03596782a8d1663a7ba6f23de69
698577365,MS:1000568,d9d56493bd5ef4e1110d25753e1d46d1
818513915,MS:1000568,525c596bf89948c56890721066137c4c
884686414,MS:1000568,ac5c73e79795e6cb49510d6fd78f9384
897388706,MS:1000568,461bbe425c3a22422cf2b9cbcad5a868
918934343,MS:1000568,354346173ea4dec48d98a4983ae47457
953888607,MS:1000569,c1cc45c991e8b8d7e965f766042ead6ecdbd1d88
998471853,MS:1000568,c9c71369c3d7878f3b1bfe3bec10e730
1134906529,MS:1000569,3cd66e5ca74760db7562f171b73f1aa18d9c467b
1310446253,MS:1000568,eb27359b7290f1d3b506add5b6fb0e4b
1448894435,MS:1000568,9e77f8a008469cef6a034fd28f26d876
1456863985,MS:1000568,7b08955ef57d8785cef93f07655b8169
1544623169,MS:1000568,4514d0cf128413b063af03e5a67d4770
1590602476,MS:1000568,bcda5e72812931775167eb952b4c7eb2
1646318231,MS:1000568,a3be416d6d8295ee629c9dd6b953187a
1713912543,MS:1000568,6e98191a5267d584a7bad3f721d9addd
1811443486,MS:1000568,a2786eb5d29000526eb1eb812cdd4902
1857147887,MS:1000568,100939f550ae01d446fa1e72c9f7180a
1871384782,MS:1000568,5798f78bc6479fb66a752b2b2b7ac168
