Sample_sample_id,processing
bs-08dyug60bv,OBI:0000257
bs-20483amku9,OBI:0000257
bs-21qpxwci7x,OBI:0000257
bs-2lujybqhao,OBI:0000257
bs-3cqvhqxu4b,OBI:0000257
bs-4738chr6tm,OBI:0000257
bs-4ez6za4vnj,OBI:0000257
bs-5rgzjle102,OBI:0000257
bs-7i4ai02qm7,OBI:0000257
bs-8oa86ma9ot,OBI:0000257
bs-aq1hmsfl13,OBI:0000257
bs-bm46zush6y,OBI:0000257
bs-c9m3animcq,OBI:0000257
bs-debyobor67,OBI:0000257
bs-fpd4arpkia,OBI:0000257
bs-i68v99tbwy,OBI:0000257
bs-ienhf20njw,OBI:0000257
bs-k29u6tlui0,OBI:0000257
bs-mkwfg60t6o,OBI:0000257
bs-o1smndjojs,OBI:0000257
bs-ownnxjyr9y,OBI:0000257
bs-po7nbit95v,OBI:0000257
bs-pu48nhp9on,OBI:0000257
bs-pzhds8cdc8,OBI:0000257
bs-qfaoo63s3j,OBI:0000257
bs-qm0dlp7ik5,OBI:0000257
bs-tx6bnw1a0x,OBI:0000257
bs-x12ulavrim,OBI:0000257
bs-xl9a6llxio,OBI:0000257
bs-xtttky72oh,OBI:0000257
bs-y341t447ov,OBI:0000257
bs-zznq3y70wq,OBI:0000257
