Sample_sample_id,storage_method
bs-08dyug60bv,OBI:0000915
bs-20483amku9,OBI:0000915
bs-21qpxwci7x,OBI:0000915
bs-3cqvhqxu4b,OBI:0000915
bs-4738chr6tm,OBI:0000915
bs-4ez6za4vnj,OBI:0000915
bs-5rgzjle102,OBI:0000915
bs-6jmtt7z870,OBI:0000819
bs-7i4ai02qm7,OBI:0000915
bs-8oa86ma9ot,OBI:0000915
bs-8w1pmyml8t,OBI:0000819
bs-8yrxmmgyc3,OBI:0000819
bs-9c1grrlh6a,OBI:0000819
bs-aq1hmsfl13,OBI:0000915
bs-bm46zush6y,OBI:0000915
bs-c9m3animcq,OBI:0000915
bs-debyobor67,OBI:0000915
bs-fgxpylqpw2,OBI:0000819
bs-fpd4arpkia,OBI:0000915
bs-i68v99tbwy,OBI:0000915
bs-ienhf20njw,OBI:0000915
bs-k29u6tlui0,OBI:0000915
bs-lvyp2a2swe,OBI:0000819
bs-mff31jzxtq,OBI:0000819
bs-mkwfg60t6o,OBI:0000915
bs-mmwh4u6xgb,OBI:0000819
bs-n0rtotub0w,OBI:0000819
bs-njlq69izu4,OBI:0000819
bs-o1smndjojs,OBI:0000915
bs-ownnxjyr9y,OBI:0000915
bs-p6nwre1wat,OBI:0000819
bs-po7nbit95v,OBI:0000915
bs-pu48nhp9on,OBI:0000915
bs-pzhds8cdc8,OBI:0000915
bs-qfaoo63s3j,OBI:0000915
bs-qm0dlp7ik5,OBI:0000915
bs-tx6bnw1a0x,OBI:0000915
bs-x12ulavrim,OBI:0000915
bs-xfa4h8iruu,OBI:0000819
bs-xl9a6llxio,OBI:0000915
bs-y341t447ov,OBI:0000915
bs-z08ja02mb2,OBI:0000819
bs-zgjm1sylgy,OBI:0000819
bs-zznq3y70wq,OBI:0000915
