Sample_sample_id,external_id
bs-08dyug60bv,https://example.org/cam-testdata/small/Sample/s02-f0004-proband-dna
bs-0qv6n0y2td,https://example.org/cam-testdata/small/Sample/s02-f0011-father-blood
bs-20483amku9,https://example.org/cam-testdata/small/Sample/s01-f0012-proband-dna
bs-21qpxwci7x,https://example.org/cam-testdata/small/Sample/s01-f0011-mother-dna
bs-2lujybqhao,https://example.org/cam-testdata/small/Sample/s02-returning-s01-f0005-proband-dna
bs-3cqvhqxu4b,https://example.org/cam-testdata/small/Sample/s01-f0008-proband-dna
bs-3d9plqby6e,https://example.org/cam-testdata/small/Sample/s01-f0011-proband-blood
bs-4738chr6tm,https://example.org/cam-testdata/small/Sample/s02-f0004-father-dna
bs-4b9ztjfcp5,https://example.org/cam-testdata/small/Sample/s01-f0008-proband-blood
bs-4ez6za4vnj,https://example.org/cam-testdata/small/Sample/s01-f0004-proband-dna
bs-5rgzjle102,https://example.org/cam-testdata/small/Sample/s02-f0005-proband-dna
bs-5yjg25ca69,https://example.org/cam-testdata/small/Sample/s02-f0006-proband-blood
bs-6jmtt7z870,https://example.org/cam-testdata/small/Sample/s02-f0009-father-blood
bs-79nfayxcy4,https://example.org/cam-testdata/small/Sample/s02-f0001-proband-blood
bs-7i4ai02qm7,https://example.org/cam-testdata/small/Sample/s02-f0003-proband-dna
bs-88e72vfn35,https://example.org/cam-testdata/small/Sample/s01-f0004-father-blood
bs-8ki6aqj1ye,https://example.org/cam-testdata/small/Sample/s02-f0012-proband-blood
bs-8oa86ma9ot,https://example.org/cam-testdata/small/Sample/s02-f0003-father-dna
bs-8r09gjn2f4,https://example.org/cam-testdata/small/Sample/s02-f0002-proband-blood
bs-8w1pmyml8t,https://example.org/cam-testdata/small/Sample/s01-f0002-proband-blood
bs-8yrxmmgyc3,https://example.org/cam-testdata/small/Sample/s02-f0003-proband-blood
bs-9c1grrlh6a,https://example.org/cam-testdata/small/Sample/s02-f0005-proband-blood
bs-9tgznswrol,https://example.org/cam-testdata/small/Sample/s01-f0003-proband-blood
bs-aq1hmsfl13,https://example.org/cam-testdata/small/Sample/s02-f0002-mother-dna
bs-be24j2t4up,https://example.org/cam-testdata/small/Sample/s01-f0011-father-blood
bs-bm46zush6y,https://example.org/cam-testdata/small/Sample/s01-f0003-proband-dna
bs-c9m3animcq,https://example.org/cam-testdata/small/Sample/s02-f0012-father-dna
bs-debyobor67,https://example.org/cam-testdata/small/Sample/s02-f0012-mother-dna
bs-fgxpylqpw2,https://example.org/cam-testdata/small/Sample/s02-f0010-proband-blood
bs-fpd4arpkia,https://example.org/cam-testdata/small/Sample/s01-f0002-mother-dna
bs-fryz5wjfh3,https://example.org/cam-testdata/small/Sample/s01-f0010-mother-blood
bs-gv857swx92,https://example.org/cam-testdata/small/Sample/s01-f0002-mother-blood
bs-i68v99tbwy,https://example.org/cam-testdata/small/Sample/s01-f0011-proband-dna
bs-ienhf20njw,https://example.org/cam-testdata/small/Sample/s01-f0009-proband-dna
bs-k29u6tlui0,https://example.org/cam-testdata/small/Sample/s02-f0009-father-dna
bs-lvyp2a2swe,https://example.org/cam-testdata/small/Sample/s02-f0004-father-blood
bs-m8xj37twhd,https://example.org/cam-testdata/small/Sample/s02-returning-s01-f0011-proband-blood
bs-mff31jzxtq,https://example.org/cam-testdata/small/Sample/s02-f0004-proband-blood
bs-mkwfg60t6o,https://example.org/cam-testdata/small/Sample/s01-f0002-proband-dna
bs-mmwh4u6xgb,https://example.org/cam-testdata/small/Sample/s01-f0006-father-blood
bs-n0rtotub0w,https://example.org/cam-testdata/small/Sample/s02-f0002-father-blood
bs-njlq69izu4,https://example.org/cam-testdata/small/Sample/s01-f0006-proband-blood
bs-o1smndjojs,https://example.org/cam-testdata/small/Sample/s02-f0006-proband-dna
bs-ownnxjyr9y,https://example.org/cam-testdata/small/Sample/s02-f0001-proband-dna
bs-p6nwre1wat,https://example.org/cam-testdata/small/Sample/s02-f0008-proband-blood
bs-po7nbit95v,https://example.org/cam-testdata/small/Sample/s01-f0006-father-dna
bs-pu48nhp9on,https://example.org/cam-testdata/small/Sample/s02-f0008-proband-dna
bs-puia6w6tod,https://example.org/cam-testdata/small/Sample/s01-f0004-proband-blood
bs-pzhds8cdc8,https://example.org/cam-testdata/small/Sample/s02-f0003-mother-dna
bs-q2nqh2kir8,https://example.org/cam-testdata/small/Sample/s02-f0012-father-blood
bs-q5a6b9u1zn,https://example.org/cam-testdata/small/Sample/s01-f0012-proband-blood
bs-qfaoo63s3j,https://example.org/cam-testdata/small/Sample/s02-f0012-proband-dna
bs-qm0dlp7ik5,https://example.org/cam-testdata/small/Sample/s02-f0010-proband-dna
bs-raisncggcv,https://example.org/cam-testdata/small/Sample/s02-f0003-father-blood
bs-tx6bnw1a0x,https://example.org/cam-testdata/small/Sample/s02-f0011-proband-dna
bs-v2lr3u155f,https://example.org/cam-testdata/small/Sample/s01-f0009-proband-blood
bs-v2rl9yqchx,https://example.org/cam-testdata/small/Sample/s02-f0012-mother-blood
bs-wjfv7ftvkq,https://example.org/cam-testdata/small/Sample/s02-f0011-proband-blood
bs-x12ulavrim,https://example.org/cam-testdata/small/Sample/s02-f0011-father-dna
bs-xfa4h8iruu,https://example.org/cam-testdata/small/Sample/s01-f0011-mother-blood
bs-xl9a6llxio,https://example.org/cam-testdata/small/Sample/s02-f0002-proband-dna
bs-xtttky72oh,https://example.org/cam-testdata/small/Sample/s02-returning-s01-f0011-proband-dna
bs-y341t447ov,https://example.org/cam-testdata/small/Sample/s01-f0011-father-dna
bs-y8mi9al2z2,https://example.org/cam-testdata/small/Sample/s02-returning-s01-f0005-proband-blood
bs-z08ja02mb2,https://example.org/cam-testdata/small/Sample/s02-f0003-mother-blood
bs-zgjm1sylgy,https://example.org/cam-testdata/small/Sample/s02-f0002-mother-blood
bs-zznq3y70wq,https://example.org/cam-testdata/small/Sample/s02-f0002-father-dna
