assertion_id,subject_id,encounter_id,asserter_type,assertion_source_type,age_at_assertion,age_at_event,age_at_resolution,concept_source,value_number,value_source,value_unit,value_unit_source,access_policy_id,study_id
ob-07v25k1nxc,pt-oic36wj8i0,en-ww2ja9pj9i,CAMO:0000019,CAMO:0000011,7577,,,,,,,,co-tam2ciyi45,sd-3s8wpdnf71
ob-0e6mj0pur7,pt-pkqb7v1zxd,en-7u8yj7j9a2,CAMO:0000017,CAMO:0000011,,6815,,,41.7,,ucum:kg/m2,,co-yly4xno8c0,sd-2lx98atcp0
ob-0okceq8gjg,pt-sv38knyk22,en-71pdhbpci8,CAMO:0000017,CAMO:0000010,2314,652,1540,,,,,,co-tam2ciyi45,sd-3s8wpdnf71
ob-0r346kcct6,pt-89rj8wzflm,en-bpadpmgmn4,CAMO:0000017,CAMO:0000014,,4946,,,102.6,,ucum:cm,,co-tam2ciyi45,sd-3s8wpdnf71
ob-0s0uft0zh1,pt-p8lz6kia0j,en-9fepya0v24,CAMO:0000017,CAMO:0000014,1288,212,,,,,,,co-tam2ciyi45,sd-3s8wpdnf71
ob-0zq5rwg1js,pt-sv38knyk22,en-71pdhbpci8,CAMO:0000016,CAMO:0000014,2314,,,,,,,,co-tam2ciyi45,sd-3s8wpdnf71
ob-15cq2qptkv,pt-3746e85sta,en-qaspjjc6xk,CAMO:0000019,CAMO:0000011,9809,125,,,,,,,co-tam2ciyi45,sd-3s8wpdnf71
ob-19oq3nxuu5,pt-p9wydbuq5q,en-3r27knw98z,CAMO:0000017,CAMO:0000014,12492,5540,,,,,,,co-tam2ciyi45,sd-3s8wpdnf71
ob-1gkfv4658t,pt-undm70vrd3,en-piitsol95e,CAMO:0000017,CAMO:0000011,10869,,,,,,,,co-yly4xno8c0,sd-2lx98atcp0
ob-2fu8tc9u3d,pt-1ohce2h4jo,en-3gzh6x06zc,CAMO:0000019,CAMO:0000014,18135,4281,,,,,,,co-yly4xno8c0,sd-2lx98atcp0
ob-2j4z228mgu,pt-9mylk1ozmd,,CAMO:0000017,CAMO:0000010,1082,765,,,,,,,co-yly4xno8c0,sd-2lx98atcp0
ob-2o9t6ziazg,pt-lo3ubn20z3,en-zm09xauzpg,CAMO:0000017,CAMO:0000011,,3575,,,75.3,,ucum:kg,,co-tam2ciyi45,sd-3s8wpdnf71
ob-2t5wknpu1t,pt-8737trkhec,en-8hv34ena0p,CAMO:0000019,CAMO:0000014,10337,,,,,,,,co-yly4xno8c0,sd-2lx98atcp0
ob-2th1055nmz,pt-q5abjhzige,en-fllm9cpfrm,CAMO:0000017,CAMO:0000014,17160,5857,,,,,,,co-yly4xno8c0,sd-2lx98atcp0
ob-39ngxcctf0,pt-r8x9pj0tys,,CAMO:0000017,CAMO:0000014,11740,,,,,,,,co-yly4xno8c0,sd-2lx98atcp0
ob-3pczgmm2wt,pt-j86rjc1yiy,en-43d39bonyc,CAMO:0000019,CAMO:0000010,11671,9357,,,,,,,co-yly4xno8c0,sd-2lx98atcp0
ob-3q1wqowbls,pt-wjcidufzz8,en-nv2jnkrhov,CAMO:0000019,CAMO:0000010,11482,,,,,,,,co-yly4xno8c0,sd-2lx98atcp0
ob-43ksy5k8qe,pt-q5abjhzige,en-fllm9cpfrm,CAMO:0000017,CAMO:0000011,17160,,,,,,,,co-yly4xno8c0,sd-2lx98atcp0
ob-4r9dxkahf2,pt-sdhpmoh9yq,en-4ftj1wn9eu,CAMO:0000019,CAMO:0000010,12396,5299,,,,,,,co-tam2ciyi45,sd-3s8wpdnf71
ob-56cuke5l8x,pt-sv38knyk22,en-wmnvmcugkg,CAMO:0000016,CAMO:0000014,1657,,,,,,,,co-tam2ciyi45,sd-3s8wpdnf71
ob-5df8ksfbaj,pt-0yxamgf21w,en-u93vrde8oe,CAMO:0000019,CAMO:0000014,6212,,,,,,,,co-yly4xno8c0,sd-2lx98atcp0
ob-5gf0na3qx6,pt-p8lz6kia0j,,CAMO:0000019,CAMO:0000011,782,114,,,,,,,co-tam2ciyi45,sd-3s8wpdnf71
ob-5j07z09qcl,pt-f39hc6n8dq,en-vw8088hbev,CAMO:0000016,CAMO:0000014,,620,,,110.2,,ucum:cm,,co-yly4xno8c0,sd-2lx98atcp0
ob-5ocwif8f7h,pt-72iwinqiw2,en-vwr8pv583f,CAMO:0000017,CAMO:0000014,9857,,,,,,,,co-tam2ciyi45,sd-3s8wpdnf71
ob-5p6v69rwhm,pt-8737trkhec,en-8hv34ena0p,CAMO:0000016,CAMO:0000010,10337,4609,,,,,,,co-yly4xno8c0,sd-2lx98atcp0
ob-5sb1sy59d2,pt-2qhnztec9g,en-8k56b91q99,CAMO:0000016,CAMO:0000010,,4395,,,25.6,,ucum:kg/m2,,co-yly4xno8c0,sd-2lx98atcp0
ob-5zzox8519x,pt-yuolgzovn5,en-462rqvpjnl,CAMO:0000017,CAMO:0000014,12183,824,,,,,,,co-yly4xno8c0,sd-2lx98atcp0
ob-64w3zhkcw3,pt-f39hc6n8dq,en-ianln70jil,CAMO:0000016,CAMO:0000011,509,258,,,,,,,co-yly4xno8c0,sd-2lx98atcp0
ob-6lmo0ess49,pt-0y0gjl36rz,,CAMO:0000017,CAMO:0000011,,13960,,,51.0,,ucum:cm,,co-yly4xno8c0,sd-2lx98atcp0
ob-8hq7l06k88,pt-rxqwqab2pf,en-5rb4xuwxbw,CAMO:0000019,CAMO:0000011,16073,,,,,,,,co-tam2ciyi45,sd-3s8wpdnf71
ob-8vpra2ayrg,pt-ti0pzgxycp,en-p7bwjxjr89,CAMO:0000016,CAMO:0000010,5732,3879,,,,,,,co-tam2ciyi45,sd-3s8wpdnf71
ob-941d3lg2xt,pt-2qhnztec9g,en-8k56b91q99,CAMO:0000019,CAMO:0000010,4395,3668,,,,,,,co-yly4xno8c0,sd-2lx98atcp0
ob-9ok8np4pct,pt-sdhpmoh9yq,en-4ftj1wn9eu,CAMO:0000016,CAMO:0000014,12396,11012,,,,,,,co-tam2ciyi45,sd-3s8wpdnf71
ob-9wv520nakf,pt-f39hc6n8dq,en-ianln70jil,CAMO:0000016,CAMO:0000014,,509,,,3.7,,ucum:kg,,co-yly4xno8c0,sd-2lx98atcp0
ob-a1mdiqw21i,pt-sdhpmoh9yq,en-4ftj1wn9eu,CAMO:0000016,CAMO:0000010,12396,,,,,,,,co-tam2ciyi45,sd-3s8wpdnf71
ob-a8n11ck7py,pt-r22hejnzwv,,CAMO:0000019,CAMO:0000011,,1450,,,71.3,,ucum:kg,,co-yly4xno8c0,sd-2lx98atcp0
ob-bivhr56z0q,pt-ljv5blx4vb,en-zuhsbjz5wa,CAMO:0000017,CAMO:0000011,17035,9709,,,,,,,co-yly4xno8c0,sd-2lx98atcp0
ob-cfpxagn5v4,pt-hmejx0uz9s,en-uoiadmev43,CAMO:0000019,CAMO:0000014,,2504,,,71.6,,ucum:cm,,co-yly4xno8c0,sd-2lx98atcp0
ob-cnrubgx669,pt-3heturwy6c,en-r7bzto7yv0,CAMO:0000017,CAMO:0000011,16383,14203,,,,,,,co-yly4xno8c0,sd-2lx98atcp0
ob-cuc7ut368f,pt-ljv5blx4vb,en-zuhsbjz5wa,CAMO:0000016,CAMO:0000014,17035,,,,,,,,co-yly4xno8c0,sd-2lx98atcp0
ob-e1rrc4zryl,pt-l98koluj11,en-eeg8biszms,CAMO:0000016,CAMO:0000011,2706,,,,,,,,co-yly4xno8c0,sd-2lx98atcp0
ob-eq5hugzgbc,pt-r22hejnzwv,en-m7srkh9qay,CAMO:0000016,CAMO:0000014,2078,925,,,,,,,co-yly4xno8c0,sd-2lx98atcp0
ob-esjw78dqrh,pt-t3ll8jhskm,en-fxlvq5v9oq,CAMO:0000016,CAMO:0000014,,11566,,,107.1,,ucum:cm,,co-yly4xno8c0,sd-2lx98atcp0
ob-f01pyvexdh,pt-e1qowyg6qe,en-uy3d597ur6,CAMO:0000017,CAMO:0000014,,4950,,,173.1,,ucum:cm,,co-tam2ciyi45,sd-3s8wpdnf71
ob-fek3o3rksv,pt-sdhpmoh9yq,en-4ftj1wn9eu,CAMO:0000019,CAMO:0000011,12396,11076,,,,,,,co-tam2ciyi45,sd-3s8wpdnf71
ob-fl2ptdrb84,pt-wjcidufzz8,en-apthh6nh01,CAMO:0000016,CAMO:0000014,11937,3314,,,,,,,co-yly4xno8c0,sd-2lx98atcp0
ob-fquhcpaw0s,pt-pkqb7v1zxd,en-2e0c9af4hv,CAMO:0000017,CAMO:0000010,5931,3385,,,,,,,co-yly4xno8c0,sd-2lx98atcp0
ob-g0px7jqssh,pt-z07ixekmp1,,CAMO:0000019,CAMO:0000011,6181,,,,,,,,co-tam2ciyi45,sd-3s8wpdnf71
ob-h2qtdap1m7,pt-0y0gjl36rz,en-vm322d7vf8,CAMO:0000016,CAMO:0000010,14106,5001,,,,,,,co-yly4xno8c0,sd-2lx98atcp0
ob-htk7avml6x,pt-223dzfx7g4,en-dnj7mbpxwy,CAMO:0000019,CAMO:0000011,17634,4693,,,,,,,co-tam2ciyi45,sd-3s8wpdnf71
ob-irbaooji7l,pt-p8lz6kia0j,en-snfsdthc3l,CAMO:0000019,CAMO:0000014,782,767,,,,,,,co-tam2ciyi45,sd-3s8wpdnf71
ob-iw1m17fhef,pt-r8x9pj0tys,en-0ajbzdihrl,CAMO:0000019,CAMO:0000010,13312,13209,,,,,,,co-yly4xno8c0,sd-2lx98atcp0
ob-jj27upzz1q,pt-89rj8wzflm,en-bpadpmgmn4,CAMO:0000019,CAMO:0000011,4946,,,,,,,,co-tam2ciyi45,sd-3s8wpdnf71
ob-jraowe8b90,pt-sdhpmoh9yq,,CAMO:0000017,CAMO:0000010,,12396,,,13.0,,ucum:kg/m2,,co-tam2ciyi45,sd-3s8wpdnf71
ob-lex7fimy1n,pt-p9wydbuq5q,en-3r27knw98z,CAMO:0000016,CAMO:0000011,,12492,,,60.4,,ucum:cm,,co-tam2ciyi45,sd-3s8wpdnf71
ob-lvr7yp042d,pt-2tcvf9d0mr,,CAMO:0000016,CAMO:0000011,17957,,,,,,,,co-yly4xno8c0,sd-2lx98atcp0
ob-mu4skpipg9,pt-3746e85sta,en-qaspjjc6xk,CAMO:0000016,CAMO:0000014,9809,4286,,,,,,,co-tam2ciyi45,sd-3s8wpdnf71
ob-n8okp00pmo,pt-2px245swmn,en-7099746o3f,CAMO:0000016,CAMO:0000011,,13074,,,121.9,,ucum:cm,,co-yly4xno8c0,sd-2lx98atcp0
ob-nikc1k9awp,pt-3746e85sta,,CAMO:0000017,CAMO:0000014,9809,7018,,,,,,,co-tam2ciyi45,sd-3s8wpdnf71
ob-nj8g6isnrb,pt-0y0gjl36rz,en-vm322d7vf8,CAMO:0000019,CAMO:0000010,,14106,,,122.3,,ucum:kg,,co-yly4xno8c0,sd-2lx98atcp0
ob-nq4g3evmuk,pt-0mz8ptoiqy,en-spobtehzht,CAMO:0000019,CAMO:0000011,17617,11412,,,,,,,co-yly4xno8c0,sd-2lx98atcp0
ob-nyjs6o9qfw,pt-2qhnztec9g,en-8k56b91q99,CAMO:0000017,CAMO:0000014,4395,3124,,,,,,,co-yly4xno8c0,sd-2lx98atcp0
ob-o77ffqj9yp,pt-pkqb7v1zxd,en-zpk2a5e9x0,CAMO:0000017,CAMO:0000010,6618,,,,,,,,co-yly4xno8c0,sd-2lx98atcp0
ob-ol5qernx3h,pt-x2oc43ni3s,en-fzvv6gtysy,CAMO:0000017,CAMO:0000010,,3282,,,12.1,,ucum:kg,,co-tam2ciyi45,sd-3s8wpdnf71
ob-ptf2wu7x70,pt-hmejx0uz9s,en-n43dh26vft,CAMO:0000016,CAMO:0000011,2113,,,,,,,,co-yly4xno8c0,sd-2lx98atcp0
ob-q11pz25xjt,pt-rxqwqab2pf,en-5rb4xuwxbw,CAMO:0000017,CAMO:0000010,16073,9118,,,,,,,co-tam2ciyi45,sd-3s8wpdnf71
ob-r0xke2o5t0,pt-0y0gjl36rz,en-0yzxa17due,CAMO:0000017,CAMO:0000011,13960,529,,,,,,,co-yly4xno8c0,sd-2lx98atcp0
ob-rql34wy0vs,pt-2tcvf9d0mr,en-j4tyrlcsdx,CAMO:0000017,CAMO:0000010,,18205,,,30.3,,ucum:kg/m2,,co-yly4xno8c0,sd-2lx98atcp0
ob-sq9wxvt5qd,pt-onkaogf9n1,en-aguhbqalry,CAMO:0000019,CAMO:0000011,4694,2448,,,,,,,co-tam2ciyi45,sd-3s8wpdnf71
ob-sulm1z02ef,pt-onkaogf9n1,en-aguhbqalry,CAMO:0000016,CAMO:0000014,,4694,,,36.1,,ucum:kg/m2,,co-tam2ciyi45,sd-3s8wpdnf71
ob-txfn4v2b9k,pt-1ohce2h4jo,en-3gzh6x06zc,CAMO:0000016,CAMO:0000014,18135,,,,,,,,co-yly4xno8c0,sd-2lx98atcp0
ob-tyjzteh4t3,pt-0y0gjl36rz,en-0yzxa17due,CAMO:0000019,CAMO:0000014,,13960,,,127.6,,ucum:kg,,co-yly4xno8c0,sd-2lx98atcp0
ob-u2sp9zacus,pt-e1qowyg6qe,en-uy3d597ur6,CAMO:0000016,CAMO:0000014,,4950,,,117.8,,ucum:cm,,co-tam2ciyi45,sd-3s8wpdnf71
ob-u3cv6g91yn,pt-vvn9rj70ad,en-iuq1y5pok6,CAMO:0000016,CAMO:0000014,4567,,,,,,,,co-yly4xno8c0,sd-2lx98atcp0
ob-ubrbx6q6xi,pt-tyk26seuny,en-33pjcj2zyr,CAMO:0000019,CAMO:0000014,,4886,,,144.2,,ucum:cm,,co-yly4xno8c0,sd-2lx98atcp0
ob-uieesu2hpm,pt-hmejx0uz9s,en-uoiadmev43,CAMO:0000017,CAMO:0000011,2504,,,,,,,,co-yly4xno8c0,sd-2lx98atcp0
ob-vzkq4zuefe,pt-54i7xpb3so,en-qartmoyz85,CAMO:0000019,CAMO:0000010,,4715,,,146.9,,ucum:kg,,co-yly4xno8c0,sd-2lx98atcp0
ob-whg2cuw90l,pt-2qhnztec9g,en-8k56b91q99,CAMO:0000016,CAMO:0000010,4395,2990,,,,,,,co-yly4xno8c0,sd-2lx98atcp0
ob-wuv1f67ft6,pt-223dzfx7g4,,CAMO:0000019,CAMO:0000014,,17634,,,68.4,,ucum:cm,,co-tam2ciyi45,sd-3s8wpdnf71
ob-xa73tbpyx3,pt-x2oc43ni3s,en-fzvv6gtysy,CAMO:0000017,CAMO:0000011,3282,269,,,,,,,co-tam2ciyi45,sd-3s8wpdnf71
ob-xbt5jd77l3,pt-hmejx0uz9s,,CAMO:0000016,CAMO:0000014,,1690,,,31.5,,ucum:kg,,co-yly4xno8c0,sd-2lx98atcp0
ob-xzea0tg5nn,pt-455yp3stzr,,CAMO:0000017,CAMO:0000014,8651,7834,,,,,,,co-tam2ciyi45,sd-3s8wpdnf71
ob-y6owd4p9jf,pt-tyk26seuny,en-jeiqsk3o75,CAMO:0000019,CAMO:0000011,6009,4531,,,,,,,co-yly4xno8c0,sd-2lx98atcp0
ob-yap6f4l0fa,pt-r8x9pj0tys,en-7b47r8p2wu,CAMO:0000016,CAMO:0000011,12183,6617,,,,,,,co-yly4xno8c0,sd-2lx98atcp0
ob-ycsswekqji,pt-ti0pzgxycp,en-p7bwjxjr89,CAMO:0000017,CAMO:0000010,5732,,,,,,,,co-tam2ciyi45,sd-3s8wpdnf71
ob-yi5ioecqje,pt-xoyf6cflcc,en-hty32ttirv,CAMO:0000016,CAMO:0000010,5145,,,,,,,,co-tam2ciyi45,sd-3s8wpdnf71
ob-ypnbvvn2kj,pt-p8lz6kia0j,en-snfsdthc3l,CAMO:0000019,CAMO:0000011,782,,,,,,,,co-tam2ciyi45,sd-3s8wpdnf71
ob-z5aoibr9md,pt-6vj8yjqt9f,en-wk37ruji9h,CAMO:0000017,CAMO:0000014,10108,5913,,,,,,,co-yly4xno8c0,sd-2lx98atcp0
ob-zlpaom14md,pt-sdhpmoh9yq,en-4ftj1wn9eu,CAMO:0000016,CAMO:0000014,12396,5026,,,,,,,co-tam2ciyi45,sd-3s8wpdnf71
ob-zonwncqlsv,pt-3746e85sta,en-qaspjjc6xk,CAMO:0000019,CAMO:0000014,9809,5642,,,,,,,co-tam2ciyi45,sd-3s8wpdnf71
ob-zxkwmvdrni,pt-2qhnztec9g,en-8k56b91q99,CAMO:0000016,CAMO:0000010,4395,,,,,,,,co-yly4xno8c0,sd-2lx98atcp0
