SubjectAssertion_assertion_id,value_concept_concept_curie
ob-07v25k1nxc,snomedct:410516002
ob-0okceq8gjg,snomedct:410515003
ob-0s0uft0zh1,snomedct:410515003
ob-0zq5rwg1js,snomedct:410516002
ob-15cq2qptkv,snomedct:410515003
ob-19oq3nxuu5,snomedct:410515003
ob-1gkfv4658t,snomedct:410516002
ob-2fu8tc9u3d,snomedct:410515003
ob-2j4z228mgu,snomedct:410515003
ob-2t5wknpu1t,snomedct:410516002
ob-2th1055nmz,snomedct:410515003
ob-39ngxcctf0,snomedct:410516002
ob-3pczgmm2wt,snomedct:410515003
ob-3q1wqowbls,snomedct:410516002
ob-43ksy5k8qe,snomedct:410516002
ob-4r9dxkahf2,snomedct:410515003
ob-56cuke5l8x,snomedct:410516002
ob-5df8ksfbaj,snomedct:410516002
ob-5gf0na3qx6,snomedct:410515003
ob-5ocwif8f7h,snomedct:410516002
ob-5p6v69rwhm,snomedct:410515003
ob-5zzox8519x,snomedct:410515003
ob-624mh51411,snomedct:410515003
ob-64w3zhkcw3,snomedct:410515003
ob-8hq7l06k88,snomedct:410516002
ob-8vpra2ayrg,snomedct:410515003
ob-941d3lg2xt,snomedct:410515003
ob-9ok8np4pct,snomedct:410515003
ob-9r0gkm9a0v,snomedct:410516002
ob-a1mdiqw21i,snomedct:410516002
ob-bivhr56z0q,snomedct:410515003
ob-cnrubgx669,snomedct:410515003
ob-cuc7ut368f,snomedct:410516002
ob-e1rrc4zryl,snomedct:410516002
ob-eq5hugzgbc,snomedct:410515003
ob-fek3o3rksv,snomedct:410515003
ob-fl2ptdrb84,snomedct:410515003
ob-fquhcpaw0s,snomedct:410515003
ob-g0px7jqssh,snomedct:410516002
ob-h2qtdap1m7,snomedct:410515003
ob-htk7avml6x,snomedct:410515003
ob-hv17llr2lv,snomedct:410515003
ob-irbaooji7l,snomedct:410515003
ob-iw1m17fhef,snomedct:410515003
ob-jj27upzz1q,snomedct:410516002
ob-lvr7yp042d,snomedct:410516002
ob-mu4skpipg9,snomedct:410515003
ob-nikc1k9awp,snomedct:410515003
ob-nq4g3evmuk,snomedct:410515003
ob-nyjs6o9qfw,snomedct:410515003
ob-o77ffqj9yp,snomedct:410516002
ob-ptf2wu7x70,snomedct:410516002
ob-q11pz25xjt,snomedct:410515003
ob-r0xke2o5t0,snomedct:410515003
ob-sq9wxvt5qd,snomedct:410515003
ob-txfn4v2b9k,snomedct:410516002
ob-u3cv6g91yn,snomedct:410516002
ob-uieesu2hpm,snomedct:410516002
ob-whg2cuw90l,snomedct:410515003
ob-xa73tbpyx3,snomedct:410515003
ob-xfo2wc2xv5,snomedct:410515003
ob-xzea0tg5nn,snomedct:410515003
ob-y6owd4p9jf,snomedct:410515003
ob-yap6f4l0fa,snomedct:410515003
ob-ycsswekqji,snomedct:410516002
ob-yi5ioecqje,snomedct:410516002
ob-ykf3jetwvd,snomedct:410516002
ob-ypnbvvn2kj,snomedct:410516002
ob-z5aoibr9md,snomedct:410515003
ob-zlpaom14md,snomedct:410515003
ob-zonwncqlsv,snomedct:410515003
ob-zxkwmvdrni,snomedct:410516002
