SubjectAssertion_assertion_id,concept_concept_curie
ob-07v25k1nxc,MONDO:0008608
ob-0e6mj0pur7,loinc:39156-5
ob-0okceq8gjg,HP:0006695
ob-0r346kcct6,loinc:8302-2
ob-0s0uft0zh1,HP:0001631
ob-0zq5rwg1js,MONDO:0002070
ob-15cq2qptkv,MONDO:0002070
ob-19oq3nxuu5,HP:0000821
ob-1gkfv4658t,HP:0001252
ob-2fu8tc9u3d,HP:0006695
ob-2j4z228mgu,HP:0030148
ob-2o9t6ziazg,loinc:29463-7
ob-2t5wknpu1t,HP:0000821
ob-2th1055nmz,HP:0030148
ob-39ngxcctf0,MONDO:0002070
ob-3pczgmm2wt,HP:0001631
ob-3q1wqowbls,HP:0000821
ob-43ksy5k8qe,HP:0001629
ob-4r9dxkahf2,HP:0001252
ob-56cuke5l8x,HP:0001629
ob-5df8ksfbaj,HP:0030148
ob-5gf0na3qx6,HP:0000821
ob-5j07z09qcl,loinc:8302-2
ob-5ocwif8f7h,HP:0030148
ob-5p6v69rwhm,HP:0000821
ob-5sb1sy59d2,loinc:39156-5
ob-5zzox8519x,MONDO:0008608
ob-64w3zhkcw3,HP:0030148
ob-6lmo0ess49,loinc:8302-2
ob-8hq7l06k88,HP:0006695
ob-8vpra2ayrg,HP:0001631
ob-941d3lg2xt,HP:0006695
ob-9ok8np4pct,MONDO:0008608
ob-9wv520nakf,loinc:29463-7
ob-a1mdiqw21i,HP:0001631
ob-a8n11ck7py,loinc:29463-7
ob-bivhr56z0q,HP:0030148
ob-cfpxagn5v4,loinc:8302-2
ob-cnrubgx669,HP:0000821
ob-cuc7ut368f,HP:0001629
ob-e1rrc4zryl,HP:0006695
ob-eq5hugzgbc,HP:0000821
ob-esjw78dqrh,loinc:8302-2
ob-f01pyvexdh,loinc:8302-2
ob-fek3o3rksv,HP:0000821
ob-fl2ptdrb84,MONDO:0002070
ob-fquhcpaw0s,HP:0001631
ob-g0px7jqssh,HP:0001252
ob-h2qtdap1m7,HP:0001631
ob-htk7avml6x,HP:0001629
ob-irbaooji7l,MONDO:0002070
ob-iw1m17fhef,MONDO:0002070
ob-jj27upzz1q,MONDO:0008608
ob-jraowe8b90,loinc:39156-5
ob-lex7fimy1n,loinc:8302-2
ob-lvr7yp042d,MONDO:0008608
ob-mu4skpipg9,HP:0030148
ob-n8okp00pmo,loinc:8302-2
ob-nikc1k9awp,MONDO:0002070
ob-nj8g6isnrb,loinc:29463-7
ob-nq4g3evmuk,HP:0006695
ob-nyjs6o9qfw,HP:0001252
ob-o77ffqj9yp,HP:0000821
ob-ol5qernx3h,loinc:29463-7
ob-ptf2wu7x70,HP:0001629
ob-q11pz25xjt,MONDO:0002070
ob-r0xke2o5t0,MONDO:0002070
ob-rql34wy0vs,loinc:39156-5
ob-sq9wxvt5qd,HP:0001252
ob-sulm1z02ef,loinc:39156-5
ob-txfn4v2b9k,HP:0001631
ob-tyjzteh4t3,loinc:29463-7
ob-u2sp9zacus,loinc:8302-2
ob-u3cv6g91yn,HP:0001252
ob-ubrbx6q6xi,loinc:8302-2
ob-uieesu2hpm,HP:0000821
ob-vzkq4zuefe,loinc:29463-7
ob-whg2cuw90l,MONDO:0002070
ob-wuv1f67ft6,loinc:8302-2
ob-xa73tbpyx3,HP:0006695
ob-xbt5jd77l3,loinc:29463-7
ob-xzea0tg5nn,HP:0001631
ob-y6owd4p9jf,HP:0000821
ob-yap6f4l0fa,HP:0001252
ob-ycsswekqji,HP:0001252
ob-yi5ioecqje,HP:0001252
ob-ypnbvvn2kj,MONDO:0002070
ob-z5aoibr9md,HP:0006695
ob-zlpaom14md,HP:0030148
ob-zonwncqlsv,HP:0001631
ob-zxkwmvdrni,HP:0001631
