subject_id,subject_type,organism_type,access_policy_id,study_id
pt-0mz8ptoiqy,CAMO:0000024,,co-yly4xno8c0,sd-2lx98atcp0
pt-0y0gjl36rz,CAMO:0000024,,co-yly4xno8c0,sd-2lx98atcp0
pt-0yxamgf21w,CAMO:0000024,,co-yly4xno8c0,sd-2lx98atcp0
pt-1ohce2h4jo,CAMO:0000024,,co-yly4xno8c0,sd-2lx98atcp0
pt-223dzfx7g4,CAMO:0000024,,co-tam2ciyi45,sd-3s8wpdnf71
pt-2px245swmn,CAMO:0000024,,co-yly4xno8c0,sd-2lx98atcp0
pt-2qhnztec9g,CAMO:0000024,,co-yly4xno8c0,sd-2lx98atcp0
pt-2tcvf9d0mr,CAMO:0000024,,co-yly4xno8c0,sd-2lx98atcp0
pt-3746e85sta,CAMO:0000024,,co-tam2ciyi45,sd-3s8wpdnf71
pt-3heturwy6c,CAMO:0000024,,co-yly4xno8c0,sd-2lx98atcp0
pt-455yp3stzr,CAMO:0000024,,co-tam2ciyi45,sd-3s8wpdnf71
pt-54i7xpb3so,CAMO:0000024,,co-yly4xno8c0,sd-2lx98atcp0
pt-6vj8yjqt9f,CAMO:0000024,,co-yly4xno8c0,sd-2lx98atcp0
pt-72iwinqiw2,CAMO:0000024,,co-tam2ciyi45,sd-3s8wpdnf71
pt-8737trkhec,CAMO:0000024,,co-yly4xno8c0,sd-2lx98atcp0
pt-89rj8wzflm,CAMO:0000024,,co-tam2ciyi45,sd-3s8wpdnf71
pt-9gk8jq9c8a,CAMO:0000024,,co-tam2ciyi45,sd-3s8wpdnf71
pt-9mylk1ozmd,CAMO:0000024,,co-yly4xno8c0,sd-2lx98atcp0
pt-a15eslmrz3,CAMO:0000024,,co-tam2ciyi45,sd-3s8wpdnf71
pt-e1qowyg6qe,CAMO:0000024,,co-tam2ciyi45,sd-3s8wpdnf71
pt-f39hc6n8dq,CAMO:0000024,,co-yly4xno8c0,sd-2lx98atcp0
pt-fhfb8mfhx3,CAMO:0000024,,co-yly4xno8c0,sd-2lx98atcp0
pt-hmejx0uz9s,CAMO:0000024,,co-yly4xno8c0,sd-2lx98atcp0
pt-j86rjc1yiy,CAMO:0000024,,co-yly4xno8c0,sd-2lx98atcp0
pt-ju11ude3rq,CAMO:0000024,,co-tam2ciyi45,sd-3s8wpdnf71
pt-k6m1krw8rg,CAMO:0000025,,co-tam2ciyi45,sd-3s8wpdnf71
pt-l98koluj11,CAMO:0000024,,co-yly4xno8c0,sd-2lx98atcp0
pt-ljv5blx4vb,CAMO:0000024,,co-yly4xno8c0,sd-2lx98atcp0
pt-lo3ubn20z3,CAMO:0000024,,co-tam2ciyi45,sd-3s8wpdnf71
pt-m9q9s4y6en,CAMO:0000024,,co-tam2ciyi45,sd-3s8wpdnf71
pt-oic36wj8i0,CAMO:0000024,,co-tam2ciyi45,sd-3s8wpdnf71
pt-onkaogf9n1,CAMO:0000024,,co-tam2ciyi45,sd-3s8wpdnf71
pt-op1524v7uh,CAMO:0000025,,co-yly4xno8c0,sd-2lx98atcp0
pt-p8lz6kia0j,CAMO:0000024,,co-tam2ciyi45,sd-3s8wpdnf71
pt-p9wydbuq5q,CAMO:0000024,,co-tam2ciyi45,sd-3s8wpdnf71
pt-pkqb7v1zxd,CAMO:0000024,,co-yly4xno8c0,sd-2lx98atcp0
pt-q5abjhzige,CAMO:0000024,,co-yly4xno8c0,sd-2lx98atcp0
pt-r22hejnzwv,CAMO:0000024,,co-yly4xno8c0,sd-2lx98atcp0
pt-r8x9pj0tys,CAMO:0000024,,co-yly4xno8c0,sd-2lx98atcp0
pt-rxqwqab2pf,CAMO:0000024,,co-tam2ciyi45,sd-3s8wpdnf71
pt-sdhpmoh9yq,CAMO:0000024,,co-tam2ciyi45,sd-3s8wpdnf71
pt-sv38knyk22,CAMO:0000024,,co-tam2ciyi45,sd-3s8wpdnf71
pt-t3ll8jhskm,CAMO:0000024,,co-yly4xno8c0,sd-2lx98atcp0
pt-ti0pzgxycp,CAMO:0000024,,co-tam2ciyi45,sd-3s8wpdnf71
pt-tyk26seuny,CAMO:0000024,,co-yly4xno8c0,sd-2lx98atcp0
pt-undm70vrd3,CAMO:0000024,,co-yly4xno8c0,sd-2lx98atcp0
pt-vvn9rj70ad,CAMO:0000024,,co-yly4xno8c0,sd-2lx98atcp0
pt-wjcidufzz8,CAMO:0000024,,co-yly4xno8c0,sd-2lx98atcp0
pt-x2oc43ni3s,CAMO:0000024,,co-tam2ciyi45,sd-3s8wpdnf71
pt-xoyf6cflcc,CAMO:0000024,,co-tam2ciyi45,sd-3s8wpdnf71
pt-yuolgzovn5,CAMO:0000024,,co-yly4xno8c0,sd-2lx98atcp0
pt-z07ixekmp1,CAMO:0000024,,co-tam2ciyi45,sd-3s8wpdnf71
