SubjectAssertion_assertion_id,external_id
ob-07v25k1nxc,https://example.org/cam-testdata/small/SubjectAssertion/s01-f0006-proband-a1
ob-0e6mj0pur7,https://example.org/cam-testdata/small/SubjectAssertion/s02-f0006-proband-a1
ob-0okceq8gjg,https://example.org/cam-testdata/small/SubjectAssertion/s01-f0007-proband-a3
ob-0r346kcct6,https://example.org/cam-testdata/small/SubjectAssertion/s01-f0008-proband-a2
ob-0s0uft0zh1,https://example.org/cam-testdata/small/SubjectAssertion/s01-f0002-proband-a1
ob-0zq5rwg1js,https://example.org/cam-testdata/small/SubjectAssertion/s01-f0007-proband-a2
ob-15cq2qptkv,https://example.org/cam-testdata/small/SubjectAssertion/s01-f0006-mother-a1
ob-19oq3nxuu5,https://example.org/cam-testdata/small/SubjectAssertion/s01-f0011-father-a2
ob-1gkfv4658t,https://example.org/cam-testdata/small/SubjectAssertion/s02-f0002-father-a1
ob-2fu8tc9u3d,https://example.org/cam-testdata/small/SubjectAssertion/s02-f0009-mother-a2
ob-2j4z228mgu,https://example.org/cam-testdata/small/SubjectAssertion/s02-f0003-proband-a1
ob-2o9t6ziazg,https://example.org/cam-testdata/small/SubjectAssertion/s01-f0001-proband-a1
ob-2t5wknpu1t,https://example.org/cam-testdata/small/SubjectAssertion/s02-f0011-mother-a2
ob-2th1055nmz,https://example.org/cam-testdata/small/SubjectAssertion/s02-f0001-mother-a2
ob-39ngxcctf0,https://example.org/cam-testdata/small/SubjectAssertion/s02-f0009-father-a2
ob-3pczgmm2wt,https://example.org/cam-testdata/small/SubjectAssertion/s02-f0012-father-a1
ob-3q1wqowbls,https://example.org/cam-testdata/small/SubjectAssertion/s02-f0012-mother-a1
ob-43ksy5k8qe,https://example.org/cam-testdata/small/SubjectAssertion/s02-f0001-mother-a1
ob-4r9dxkahf2,https://example.org/cam-testdata/small/SubjectAssertion/s01-f0004-father-a4
ob-56cuke5l8x,https://example.org/cam-testdata/small/SubjectAssertion/s01-f0007-proband-a1
ob-5df8ksfbaj,https://example.org/cam-testdata/small/SubjectAssertion/s02-f0007-proband-a1
ob-5gf0na3qx6,https://example.org/cam-testdata/small/SubjectAssertion/s01-f0002-proband-a4
ob-5j07z09qcl,https://example.org/cam-testdata/small/SubjectAssertion/s02-f0012-proband-a2
ob-5ocwif8f7h,https://example.org/cam-testdata/small/SubjectAssertion/s01-f0010-father-a1
ob-5p6v69rwhm,https://example.org/cam-testdata/small/SubjectAssertion/s02-f0011-mother-a1
ob-5sb1sy59d2,https://example.org/cam-testdata/small/SubjectAssertion/s02-f0010-proband-a1
ob-5zzox8519x,https://example.org/cam-testdata/small/SubjectAssertion/s02-f0004-father-a1
ob-624mh51411,https://example.org/cam-testdata/small/SubjectAssertion/s02-returning-s01-f0005-proband-a5
ob-64w3zhkcw3,https://example.org/cam-testdata/small/SubjectAssertion/s02-f0012-proband-a3
ob-6lmo0ess49,https://example.org/cam-testdata/small/SubjectAssertion/s02-f0002-mother-a4
ob-8hq7l06k88,https://example.org/cam-testdata/small/SubjectAssertion/s01-f0002-mother-a1
ob-8vpra2ayrg,https://example.org/cam-testdata/small/SubjectAssertion/s01-f0009-proband-a1
ob-941d3lg2xt,https://example.org/cam-testdata/small/SubjectAssertion/s02-f0010-proband-a3
ob-9ok8np4pct,https://example.org/cam-testdata/small/SubjectAssertion/s01-f0004-father-a3
ob-9r0gkm9a0v,https://example.org/cam-testdata/small/SubjectAssertion/s02-returning-s01-f0005-proband-a4
ob-9wv520nakf,https://example.org/cam-testdata/small/SubjectAssertion/s02-f0012-proband-a1
ob-a1mdiqw21i,https://example.org/cam-testdata/small/SubjectAssertion/s01-f0004-father-a1
ob-a8n11ck7py,https://example.org/cam-testdata/small/SubjectAssertion/s02-f0001-proband-a1
ob-bivhr56z0q,https://example.org/cam-testdata/small/SubjectAssertion/s02-f0006-mother-a1
ob-cfpxagn5v4,https://example.org/cam-testdata/small/SubjectAssertion/s02-f0009-proband-a4
ob-cnrubgx669,https://example.org/cam-testdata/small/SubjectAssertion/s02-f0011-father-a1
ob-cuc7ut368f,https://example.org/cam-testdata/small/SubjectAssertion/s02-f0006-mother-a2
ob-e1rrc4zryl,https://example.org/cam-testdata/small/SubjectAssertion/s02-f0002-proband-a1
ob-eq5hugzgbc,https://example.org/cam-testdata/small/SubjectAssertion/s02-f0001-proband-a2
ob-esjw78dqrh,https://example.org/cam-testdata/small/SubjectAssertion/s02-f0001-father-a1
ob-f01pyvexdh,https://example.org/cam-testdata/small/SubjectAssertion/s01-f0011-proband-a1
ob-fek3o3rksv,https://example.org/cam-testdata/small/SubjectAssertion/s01-f0004-father-a2
ob-fl2ptdrb84,https://example.org/cam-testdata/small/SubjectAssertion/s02-f0012-mother-a2
ob-fquhcpaw0s,https://example.org/cam-testdata/small/SubjectAssertion/s02-f0006-proband-a2
ob-g0px7jqssh,https://example.org/cam-testdata/small/SubjectAssertion/s01-f0012-proband-a1
ob-h2qtdap1m7,https://example.org/cam-testdata/small/SubjectAssertion/s02-f0002-mother-a2
ob-htk7avml6x,https://example.org/cam-testdata/small/SubjectAssertion/s01-f0002-father-a1
ob-hv17llr2lv,https://example.org/cam-testdata/small/SubjectAssertion/s02-returning-s01-f0005-proband-a6
ob-ih2t2v0e6t,https://example.org/cam-testdata/small/SubjectAssertion/s02-returning-s01-f0005-proband-a3
ob-irbaooji7l,https://example.org/cam-testdata/small/SubjectAssertion/s01-f0002-proband-a3
ob-iw1m17fhef,https://example.org/cam-testdata/small/SubjectAssertion/s02-f0009-father-a1
ob-jj27upzz1q,https://example.org/cam-testdata/small/SubjectAssertion/s01-f0008-proband-a1
ob-jraowe8b90,https://example.org/cam-testdata/small/SubjectAssertion/s01-f0004-father-a5
ob-lex7fimy1n,https://example.org/cam-testdata/small/SubjectAssertion/s01-f0011-father-a1
ob-lvr7yp042d,https://example.org/cam-testdata/small/SubjectAssertion/s02-f0003-mother-a1
ob-mu4skpipg9,https://example.org/cam-testdata/small/SubjectAssertion/s01-f0006-mother-a3
ob-n8okp00pmo,https://example.org/cam-testdata/small/SubjectAssertion/s02-f0010-mother-a1
ob-nikc1k9awp,https://example.org/cam-testdata/small/SubjectAssertion/s01-f0006-mother-a2
ob-nj8g6isnrb,https://example.org/cam-testdata/small/SubjectAssertion/s02-f0002-mother-a5
ob-nq4g3evmuk,https://example.org/cam-testdata/small/SubjectAssertion/s02-f0004-mother-a1
ob-nyjs6o9qfw,https://example.org/cam-testdata/small/SubjectAssertion/s02-f0010-proband-a5
ob-o77ffqj9yp,https://example.org/cam-testdata/small/SubjectAssertion/s02-f0006-proband-a3
ob-ol5qernx3h,https://example.org/cam-testdata/small/SubjectAssertion/s01-f0004-proband-a2
ob-ptf2wu7x70,https://example.org/cam-testdata/small/SubjectAssertion/s02-f0009-proband-a3
ob-q11pz25xjt,https://example.org/cam-testdata/small/SubjectAssertion/s01-f0002-mother-a2
ob-r0xke2o5t0,https://example.org/cam-testdata/small/SubjectAssertion/s02-f0002-mother-a3
ob-rql34wy0vs,https://example.org/cam-testdata/small/SubjectAssertion/s02-f0003-mother-a2
ob-sq9wxvt5qd,https://example.org/cam-testdata/small/SubjectAssertion/s01-f0010-proband-a1
ob-sulm1z02ef,https://example.org/cam-testdata/small/SubjectAssertion/s01-f0010-proband-a2
ob-txfn4v2b9k,https://example.org/cam-testdata/small/SubjectAssertion/s02-f0009-mother-a1
ob-tyjzteh4t3,https://example.org/cam-testdata/small/SubjectAssertion/s02-f0002-mother-a1
ob-u2sp9zacus,https://example.org/cam-testdata/small/SubjectAssertion/s01-f0011-proband-a2
ob-u3cv6g91yn,https://example.org/cam-testdata/small/SubjectAssertion/s02-f0005-proband-a1
ob-ubrbx6q6xi,https://example.org/cam-testdata/small/SubjectAssertion/s02-f0004-proband-a2
ob-uieesu2hpm,https://example.org/cam-testdata/small/SubjectAssertion/s02-f0009-proband-a1
ob-vzkq4zuefe,https://example.org/cam-testdata/small/SubjectAssertion/s02-f0011-proband-a1
ob-whg2cuw90l,https://example.org/cam-testdata/small/SubjectAssertion/s02-f0010-proband-a2
ob-wuv1f67ft6,https://example.org/cam-testdata/small/SubjectAssertion/s01-f0002-father-a2
ob-xa73tbpyx3,https://example.org/cam-testdata/small/SubjectAssertion/s01-f0004-proband-a1
ob-xbt5jd77l3,https://example.org/cam-testdata/small/SubjectAssertion/s02-f0009-proband-a2
ob-xfo2wc2xv5,https://example.org/cam-testdata/small/SubjectAssertion/s02-returning-s01-f0005-proband-a2
ob-xzea0tg5nn,https://example.org/cam-testdata/small/SubjectAssertion/s01-f0011-mother-a1
ob-y6owd4p9jf,https://example.org/cam-testdata/small/SubjectAssertion/s02-f0004-proband-a1
ob-yap6f4l0fa,https://example.org/cam-testdata/small/SubjectAssertion/s02-f0009-father-a3
ob-ycsswekqji,https://example.org/cam-testdata/small/SubjectAssertion/s01-f0009-proband-a2
ob-yi5ioecqje,https://example.org/cam-testdata/small/SubjectAssertion/s01-f0003-proband-a1
ob-ykf3jetwvd,https://example.org/cam-testdata/small/SubjectAssertion/s02-returning-s01-f0005-proband-a1
ob-ypnbvvn2kj,https://example.org/cam-testdata/small/SubjectAssertion/s01-f0002-proband-a2
ob-z5aoibr9md,https://example.org/cam-testdata/small/SubjectAssertion/s02-f0003-father-a1
ob-zlpaom14md,https://example.org/cam-testdata/small/SubjectAssertion/s01-f0004-father-a6
ob-zonwncqlsv,https://example.org/cam-testdata/small/SubjectAssertion/s01-f0006-mother-a4
ob-zxkwmvdrni,https://example.org/cam-testdata/small/SubjectAssertion/s02-f0010-proband-a4
